time,temperature_2m,relative_humidity_2m,rain,snowfall,wind_speed_10m,wind_speed_100m,cloud_cover,weather_code,precipitation,pressure_msl,surface_pressure,shortwave_radiation,vapour_pressure_deficit,direct_radiation
2024-11-13 00:00:00+00:00,4.7,54,0.0,0.0,10.3,21.5,0,0,0.0,1029.2,1022.1,0.0,0.39,0.0
2024-11-13 01:00:00+00:00,4.1,57,0.0,0.0,11.4,22.8,0,0,0.0,1029.8,1022.7,0.0,0.35,0.0
2024-11-13 02:00:00+00:00,3.4,62,0.0,0.0,9.0,19.7,0,0,0.0,1030.2,1023.1,0.0,0.3,0.0
2024-11-13 03:00:00+00:00,2.8,66,0.0,0.0,8.4,18.7,0,0,0.0,1030.8,1023.7,0.0,0.25,0.0
2024-11-13 04:00:00+00:00,2.2,69,0.0,0.0,9.4,20.5,0,0,0.0,1031.1,1024.0,0.0,0.22,0.0
2024-11-13 05:00:00+00:00,1.8,71,0.0,0.0,8.8,20.0,0,0,0.0,1031.3,1024.2,0.0,0.2,0.0
2024-11-13 06:00:00+00:00,1.1,75,0.0,0.0,6.1,16.5,0,0,0.0,1031.9,1024.7,0.0,0.17,0.0
2024-11-13 07:00:00+00:00,0.7,77,0.0,0.0,5.9,15.4,0,0,0.0,1032.7,1025.5,0.0,0.15,0.0
2024-11-13 08:00:00+00:00,1.9,74,0.0,0.0,6.0,13.2,0,0,0.0,1034.0,1026.8,76.0,0.18,49.0
2024-11-13 09:00:00+00:00,4.0,60,0.0,0.0,5.9,8.8,9,0,0.0,1034.0,1026.9,241.0,0.32,185.0
2024-11-13 10:00:00+00:00,5.8,49,0.0,0.0,5.2,7.1,53,2,0.0,1034.0,1026.9,394.0,0.47,324.0
2024-11-13 11:00:00+00:00,7.2,44,0.0,0.0,4.2,5.7,86,3,0.0,1033.7,1026.7,502.0,0.57,427.0
2024-11-13 12:00:00+00:00,8.3,41,0.0,0.0,3.4,4.5,98,3,0.0,1032.5,1025.5,555.0,0.64,475.0
2024-11-13 13:00:00+00:00,9.1,39,0.0,0.0,4.4,5.7,96,3,0.0,1031.2,1024.2,546.0,0.71,462.0
2024-11-13 14:00:00+00:00,9.6,38,0.0,0.0,4.9,6.5,99,3,0.0,1030.3,1023.4,480.0,0.75,402.0
2024-11-13 15:00:00+00:00,9.7,37,0.0,0.0,4.7,6.3,100,3,0.0,1029.9,1023.0,358.0,0.76,285.0
2024-11-13 16:00:00+00:00,9.1,38,0.0,0.0,5.3,7.8,100,3,0.0,1030.1,1023.1,192.0,0.72,126.0
2024-11-13 17:00:00+00:00,6.4,51,0.0,0.0,5.6,13.2,99,3,0.0,1030.1,1023.1,39.0,0.47,14.0
2024-11-13 18:00:00+00:00,5.9,54,0.0,0.0,7.9,18.4,75,2,0.0,1030.2,1023.2,0.0,0.43,0.0
2024-11-13 19:00:00+00:00,4.8,59,0.0,0.0,6.8,17.8,57,2,0.0,1030.3,1023.2,0.0,0.35,0.0
2024-11-13 20:00:00+00:00,4.0,61,0.0,0.0,6.7,18.6,100,3,0.0,1030.5,1023.4,0.0,0.32,0.0
2024-11-13 21:00:00+00:00,3.0,69,0.0,0.0,5.9,17.0,100,3,0.0,1030.5,1023.4,0.0,0.23,0.0
2024-11-13 22:00:00+00:00,3.2,68,0.0,0.0,7.1,19.7,100,3,0.0,1029.6,1022.5,0.0,0.25,0.0
2024-11-13 23:00:00+00:00,4.0,64,0.0,0.0,9.0,20.9,100,3,0.0,1028.9,1021.8,0.0,0.29,0.0
2024-11-14 00:00:00+00:00,4.0,67,0.0,0.0,8.0,19.6,100,3,0.0,1028.4,1021.3,0.0,0.27,0.0
2024-11-14 01:00:00+00:00,3.7,74,0.0,0.0,6.8,17.6,100,3,0.0,1027.9,1020.8,0.0,0.2,0.0
2024-11-14 02:00:00+00:00,3.9,78,0.0,0.0,7.8,18.1,100,3,0.0,1027.1,1020.0,0.0,0.18,0.0
2024-11-14 03:00:00+00:00,3.8,81,0.0,0.0,5.4,14.7,100,3,0.0,1027.0,1019.9,0.0,0.15,0.0
2024-11-14 04:00:00+00:00,3.8,82,0.0,0.0,7.2,16.2,100,3,0.0,1026.4,1019.3,0.0,0.14,0.0
2024-11-14 05:00:00+00:00,4.1,75,0.0,0.0,8.3,19.2,100,3,0.0,1025.9,1018.8,0.0,0.21,0.0
2024-11-14 06:00:00+00:00,4.3,70,0.0,0.0,9.9,22.0,100,3,0.0,1025.4,1018.4,0.0,0.25,0.0
2024-11-14 07:00:00+00:00,4.7,74,0.0,0.0,8.5,19.4,100,3,0.0,1025.5,1018.5,0.0,0.22,0.0
2024-11-14 08:00:00+00:00,5.2,76,0.0,0.0,7.8,15.9,100,3,0.0,1026.4,1019.4,31.0,0.22,1.0
2024-11-14 09:00:00+00:00,6.3,71,0.0,0.0,9.4,15.2,100,3,0.0,1025.7,1018.7,83.0,0.27,2.0
2024-11-14 10:00:00+00:00,7.0,68,0.0,0.0,10.7,16.4,100,3,0.0,1024.7,1017.7,103.0,0.32,3.0
2024-11-14 11:00:00+00:00,8.1,65,0.0,0.0,11.5,16.9,100,3,0.0,1023.6,1016.7,159.0,0.38,0.0
2024-11-14 12:00:00+00:00,8.9,64,0.0,0.0,11.4,16.7,100,3,0.0,1021.9,1015.0,185.0,0.41,4.0
2024-11-14 13:00:00+00:00,8.8,66,0.0,0.0,11.0,16.3,100,3,0.0,1020.7,1013.8,103.0,0.38,1.0
2024-11-14 14:00:00+00:00,8.9,68,0.0,0.0,11.7,17.8,100,3,0.0,1019.3,1012.4,88.0,0.37,0.0
2024-11-14 15:00:00+00:00,8.9,71,0.1,0.0,9.7,15.0,100,51,0.1,1018.5,1011.6,72.0,0.33,0.0
2024-11-14 16:00:00+00:00,7.9,92,0.6,0.0,9.8,21.8,100,53,0.6,1018.2,1011.3,48.0,0.08,0.0
2024-11-14 17:00:00+00:00,7.9,96,1.5,0.0,8.6,19.1,100,61,1.5,1018.1,1011.2,5.0,0.05,0.0
2024-11-14 18:00:00+00:00,7.9,97,1.6,0.0,9.4,20.7,100,61,1.6,1018.0,1011.1,0.0,0.03,0.0
2024-11-14 19:00:00+00:00,7.8,97,0.9,0.0,10.8,22.5,100,53,0.9,1017.5,1010.6,0.0,0.03,0.0
2024-11-14 20:00:00+00:00,7.7,98,0.4,0.0,10.1,20.0,100,51,0.4,1017.7,1010.8,0.0,0.02,0.0
2024-11-14 21:00:00+00:00,7.7,98,0.6,0.0,11.5,22.3,100,53,0.6,1017.1,1010.2,0.0,0.02,0.0
2024-11-14 22:00:00+00:00,7.6,98,0.5,0.0,8.2,18.2,100,53,0.5,1016.8,1009.9,0.0,0.02,0.0
2024-11-14 23:00:00+00:00,7.6,98,0.6,0.0,7.7,17.0,100,53,0.6,1016.5,1009.6,0.0,0.02,0.0
2024-11-15 00:00:00+00:00,7.6,98,0.4,0.0,7.8,16.6,100,51,0.4,1016.1,1009.2,0.0,0.02,0.0
2024-11-15 01:00:00+00:00,7.4,99,0.2,0.0,10.2,19.4,100,51,0.2,1015.4,1008.5,0.0,0.01,0.0
2024-11-15 02:00:00+00:00,7.2,96,0.1,0.0,10.8,19.4,100,51,0.1,1014.8,1007.9,0.0,0.04,0.0
2024-11-15 03:00:00+00:00,6.9,97,0.1,0.0,10.1,18.3,100,51,0.1,1014.6,1007.7,0.0,0.03,0.0
2024-11-15 04:00:00+00:00,6.8,98,0.1,0.0,7.6,15.2,100,51,0.1,1014.5,1007.6,0.0,0.02,0.0
2024-11-15 05:00:00+00:00,6.8,99,0.3,0.0,6.7,13.8,100,51,0.3,1015.0,1008.1,0.0,0.01,0.0
2024-11-15 06:00:00+00:00,6.8,98,0.4,0.0,6.2,13.0,100,51,0.4,1015.4,1008.5,0.0,0.02,0.0
2024-11-15 07:00:00+00:00,6.8,98,0.2,0.0,6.8,13.5,100,51,0.2,1015.7,1008.8,0.0,0.02,0.0
2024-11-15 08:00:00+00:00,6.8,96,0.3,0.0,7.3,13.5,100,51,0.3,1016.3,1009.4,16.0,0.04,0.0
2024-11-15 09:00:00+00:00,7.5,91,0.0,0.0,6.0,7.5,95,3,0.0,1016.2,1009.3,90.0,0.09,5.0
2024-11-15 10:00:00+00:00,8.9,84,0.0,0.0,8.2,10.7,82,3,0.0,1016.0,1009.1,247.0,0.19,89.0
2024-11-15 11:00:00+00:00,10.1,77,0.0,0.0,12.2,16.5,100,3,0.0,1015.6,1008.8,299.0,0.28,106.0
2024-11-15 12:00:00+00:00,10.7,73,0.0,0.0,13.7,18.8,100,3,0.0,1014.9,1008.1,269.0,0.35,52.0
2024-11-15 13:00:00+00:00,11.2,72,0.0,0.0,14.5,20.5,27,1,0.0,1014.1,1007.3,213.0,0.38,29.0
2024-11-15 14:00:00+00:00,12.2,69,0.0,0.0,17.4,25.0,100,3,0.0,1013.5,1006.7,295.0,0.44,93.0
2024-11-15 15:00:00+00:00,12.6,69,0.0,0.0,17.9,26.5,99,3,0.0,1013.3,1006.5,165.0,0.46,25.0
2024-11-15 16:00:00+00:00,12.4,71,0.0,0.0,14.0,23.3,68,2,0.0,1013.4,1006.6,117.0,0.42,43.0
2024-11-15 17:00:00+00:00,11.3,78,0.0,0.0,9.0,19.6,30,1,0.0,1013.2,1006.4,28.0,0.3,9.0
2024-11-15 18:00:00+00:00,10.4,83,0.0,0.0,10.8,24.3,33,1,0.0,1013.4,1006.6,0.0,0.21,0.0
2024-11-15 19:00:00+00:00,10.9,82,0.0,0.0,13.7,27.7,40,1,0.0,1013.7,1006.9,0.0,0.24,0.0
2024-11-15 20:00:00+00:00,10.1,89,0.0,0.0,14.0,28.7,7,0,0.0,1013.5,1006.7,0.0,0.14,0.0
2024-11-15 21:00:00+00:00,10.3,89,0.0,0.0,14.3,28.6,24,1,0.0,1013.7,1006.9,0.0,0.14,0.0
2024-11-15 22:00:00+00:00,10.4,88,0.0,0.0,16.0,31.0,25,1,0.0,1013.5,1006.7,0.0,0.16,0.0
2024-11-15 23:00:00+00:00,10.4,85,0.0,0.0,17.4,32.4,17,0,0.0,1013.4,1006.6,0.0,0.2,0.0
2024-11-16 00:00:00+00:00,10.1,84,0.0,0.0,17.6,32.5,4,0,0.0,1013.4,1006.6,0.0,0.2,0.0
2024-11-16 01:00:00+00:00,9.8,83,0.0,0.0,17.8,33.0,3,0,0.0,1013.2,1006.4,0.0,0.2,0.0
2024-11-16 02:00:00+00:00,9.6,82,0.0,0.0,17.6,32.8,3,0,0.0,1013.5,1006.7,0.0,0.21,0.0
2024-11-16 03:00:00+00:00,9.4,82,0.0,0.0,18.5,33.6,30,1,0.0,1013.8,1007.0,0.0,0.21,0.0
2024-11-16 04:00:00+00:00,9.5,82,0.0,0.0,18.7,34.1,51,2,0.0,1014.3,1007.5,0.0,0.21,0.0
2024-11-16 05:00:00+00:00,9.7,81,0.0,0.0,18.4,32.8,8,0,0.0,1014.8,1008.0,0.0,0.23,0.0
2024-11-16 06:00:00+00:00,9.6,81,0.0,0.0,17.1,30.7,100,3,0.0,1015.3,1008.5,0.0,0.23,0.0
2024-11-16 07:00:00+00:00,10.3,78,0.0,0.0,16.6,29.1,42,1,0.0,1016.0,1009.2,0.0,0.28,0.0
2024-11-16 08:00:00+00:00,12.0,68,0.0,0.0,18.5,31.4,90,3,0.0,1016.1,1009.3,45.0,0.45,18.0
2024-11-16 09:00:00+00:00,12.4,62,0.0,0.0,25.2,38.2,100,3,0.0,1016.7,1009.9,160.0,0.54,65.0
2024-11-16 10:00:00+00:00,12.4,59,0.0,0.0,24.4,36.4,37,1,0.0,1017.5,1010.7,254.0,0.59,102.0
2024-11-16 11:00:00+00:00,13.1,55,0.0,0.0,22.7,33.2,2,0,0.0,1017.6,1010.8,454.0,0.68,350.0
2024-11-16 12:00:00+00:00,13.6,52,0.0,0.0,21.7,31.4,0,0,0.0,1016.9,1010.1,524.0,0.74,443.0
2024-11-16 13:00:00+00:00,14.1,50,0.0,0.0,21.0,30.6,0,0,0.0,1016.6,1009.9,521.0,0.81,443.0
2024-11-16 14:00:00+00:00,14.4,47,0.0,0.0,20.3,29.6,0,0,0.0,1016.5,1009.8,457.0,0.86,383.0
2024-11-16 15:00:00+00:00,14.3,47,0.0,0.0,18.9,28.3,0,0,0.0,1016.4,1009.7,341.0,0.87,276.0
2024-11-16 16:00:00+00:00,13.7,49,0.0,0.0,16.1,27.3,0,0,0.0,1017.1,1010.3,187.0,0.79,138.0
2024-11-16 17:00:00+00:00,12.1,54,0.0,0.0,12.9,26.1,0,0,0.0,1017.6,1010.8,38.0,0.66,23.0
2024-11-16 18:00:00+00:00,11.1,58,0.0,0.0,12.3,26.6,4,0,0.0,1018.1,1011.3,0.0,0.55,0.0
2024-11-16 19:00:00+00:00,10.4,62,0.0,0.0,12.4,27.4,30,1,0.0,1018.5,1011.7,0.0,0.48,0.0
2024-11-16 20:00:00+00:00,9.4,63,0.0,0.0,13.2,26.8,32,1,0.0,1019.1,1012.2,0.0,0.44,0.0
2024-11-16 21:00:00+00:00,8.5,67,0.0,0.0,11.4,24.3,0,0,0.0,1019.7,1012.8,0.0,0.36,0.0
2024-11-16 22:00:00+00:00,7.6,72,0.0,0.0,10.9,23.5,14,0,0.0,1020.1,1013.2,0.0,0.29,0.0
2024-11-16 23:00:00+00:00,6.9,75,0.0,0.0,11.7,25.0,43,1,0.0,1020.4,1013.5,0.0,0.25,0.0
2024-11-17 00:00:00+00:00,6.3,79,0.0,0.0,10.9,23.6,76,2,0.0,1020.3,1013.3,0.0,0.2,0.0
2024-11-17 01:00:00+00:00,5.7,82,0.0,0.0,11.2,23.8,5,0,0.0,1020.3,1013.3,0.0,0.16,0.0
2024-11-17 02:00:00+00:00,5.2,85,0.0,0.0,10.7,23.2,42,1,0.0,1020.1,1013.1,0.0,0.13,0.0
2024-11-17 03:00:00+00:00,4.8,87,0.0,0.0,10.7,23.2,13,0,0.0,1020.1,1013.1,0.0,0.11,0.0
2024-11-17 04:00:00+00:00,4.3,90,0.0,0.0,9.6,21.7,47,1,0.0,1020.0,1013.0,0.0,0.09,0.0
2024-11-17 05:00:00+00:00,4.0,92,0.0,0.0,8.9,20.5,94,3,0.0,1020.3,1013.3,0.0,0.07,0.0
2024-11-17 06:00:00+00:00,3.8,92,0.0,0.0,8.7,20.0,95,3,0.0,1020.2,1013.2,0.0,0.07,0.0
2024-11-17 07:00:00+00:00,3.6,92,0.0,0.0,7.5,18.7,94,3,0.0,1020.7,1013.7,0.0,0.06,0.0
2024-11-17 08:00:00+00:00,3.7,90,0.0,0.0,8.5,17.1,100,3,0.0,1021.5,1014.5,58.0,0.08,27.0
2024-11-17 09:00:00+00:00,6.0,79,0.0,0.0,5.0,10.5,100,3,0.0,1021.7,1014.7,206.0,0.19,130.0
2024-11-17 10:00:00+00:00,8.1,71,0.0,0.0,4.2,6.3,100,3,0.0,1021.7,1014.8,296.0,0.32,132.0
2024-11-17 11:00:00+00:00,10.1,63,0.0,0.0,4.0,5.5,100,3,0.0,1021.4,1014.5,400.0,0.46,226.0
2024-11-17 12:00:00+00:00,11.5,58,0.0,0.0,3.8,4.9,100,3,0.0,1020.1,1013.3,417.0,0.57,183.0
2024-11-17 13:00:00+00:00,12.4,55,0.0,0.0,3.6,4.9,100,3,0.0,1019.1,1012.3,413.0,0.65,184.0
2024-11-17 14:00:00+00:00,12.9,53,0.0,0.0,3.6,4.8,100,3,0.0,1018.4,1011.6,365.0,0.7,164.0
2024-11-17 15:00:00+00:00,12.7,54,0.0,0.0,4.1,5.5,100,3,0.0,1017.7,1010.9,253.0,0.67,86.0
2024-11-17 16:00:00+00:00,11.6,66,0.0,0.0,3.2,8.3,100,3,0.0,1017.4,1010.6,126.0,0.46,27.0
2024-11-17 17:00:00+00:00,9.6,72,0.0,0.0,4.0,11.7,100,3,0.0,1017.0,1010.1,26.0,0.34,2.0
2024-11-17 18:00:00+00:00,8.6,77,0.0,0.0,5.0,14.1,100,3,0.0,1016.9,1010.0,0.0,0.26,0.0
2024-11-17 19:00:00+00:00,7.9,80,0.0,0.0,6.4,17.3,100,3,0.0,1016.7,1009.8,0.0,0.22,0.0
2024-11-17 20:00:00+00:00,7.5,79,0.0,0.0,5.0,16.1,100,3,0.0,1016.7,1009.8,0.0,0.22,0.0
2024-11-17 21:00:00+00:00,7.3,81,0.0,0.0,4.5,15.1,100,3,0.0,1016.4,1009.5,0.0,0.2,0.0
2024-11-17 22:00:00+00:00,6.9,83,0.0,0.0,3.2,13.3,100,3,0.0,1016.4,1009.5,0.0,0.17,0.0
2024-11-17 23:00:00+00:00,6.3,86,0.0,0.0,3.7,13.6,100,3,0.0,1016.2,1009.3,0.0,0.13,0.0
2024-11-18 00:00:00+00:00,5.5,90,0.0,0.0,4.9,14.1,85,3,0.0,1015.9,1009.0,0.0,0.09,0.0
2024-11-18 01:00:00+00:00,5.3,93,0.0,0.0,3.1,12.2,68,2,0.0,1015.0,1008.1,0.0,0.07,0.0
2024-11-18 02:00:00+00:00,4.6,94,0.0,0.0,4.6,13.2,85,3,0.0,1014.7,1007.7,0.0,0.05,0.0
2024-11-18 03:00:00+00:00,4.4,96,0.0,0.0,2.9,12.8,97,3,0.0,1014.6,1007.6,0.0,0.03,0.0
2024-11-18 04:00:00+00:00,4.3,96,0.0,0.0,6.1,18.2,100,3,0.0,1014.8,1007.8,0.0,0.04,0.0
2024-11-18 05:00:00+00:00,5.7,87,0.0,0.0,6.2,20.2,100,3,0.0,1014.7,1007.8,0.0,0.12,0.0
2024-11-18 06:00:00+00:00,7.7,74,0.0,0.0,9.5,24.0,100,3,0.0,1015.0,1008.1,0.0,0.27,0.0
2024-11-18 07:00:00+00:00,8.4,71,0.0,0.0,9.4,23.6,4,0,0.0,1015.3,1008.4,0.0,0.32,0.0
2024-11-18 08:00:00+00:00,8.9,72,0.0,0.0,10.1,22.8,98,3,0.0,1015.3,1008.4,50.0,0.33,24.0
2024-11-18 09:00:00+00:00,11.6,68,0.0,0.0,7.5,18.3,100,3,0.0,1015.9,1009.1,187.0,0.44,113.0
2024-11-18 10:00:00+00:00,14.1,64,0.0,0.0,5.6,12.4,93,3,0.0,1015.3,1008.6,308.0,0.58,191.0
2024-11-18 11:00:00+00:00,16.4,60,0.0,0.0,8.3,12.3,100,3,0.0,1015.1,1008.4,421.0,0.75,300.0
2024-11-18 12:00:00+00:00,17.9,58,0.0,0.0,9.2,12.8,35,1,0.0,1014.4,1007.8,474.0,0.86,346.0
2024-11-18 13:00:00+00:00,19.0,56,0.0,0.0,9.5,13.2,3,0,0.0,1013.4,1006.8,497.0,0.96,417.0
2024-11-18 14:00:00+00:00,19.7,55,0.0,0.0,10.0,14.2,54,2,0.0,1012.9,1006.3,434.0,1.03,360.0
2024-11-18 15:00:00+00:00,19.8,55,0.0,0.0,12.8,19.3,61,2,0.0,1012.8,1006.2,312.0,1.04,233.0
2024-11-18 16:00:00+00:00,18.5,60,0.0,0.0,9.4,19.3,85,3,0.0,1013.0,1006.4,169.0,0.86,115.0
2024-11-18 17:00:00+00:00,15.9,68,0.0,0.0,11.3,25.3,50,2,0.0,1013.4,1006.7,33.0,0.57,18.0
2024-11-18 18:00:00+00:00,14.7,73,0.0,0.0,11.1,25.6,50,2,0.0,1014.4,1007.7,0.0,0.44,0.0
2024-11-18 19:00:00+00:00,13.9,76,0.0,0.0,9.8,24.2,78,2,0.0,1015.0,1008.3,0.0,0.38,0.0
2024-11-18 20:00:00+00:00,13.6,74,0.0,0.0,7.4,21.2,98,3,0.0,1014.7,1008.0,0.0,0.4,0.0
2024-11-18 21:00:00+00:00,13.4,77,0.0,0.0,6.2,18.6,100,3,0.0,1014.8,1008.1,0.0,0.35,0.0
2024-11-18 22:00:00+00:00,13.6,77,0.0,0.0,5.7,16.6,100,3,0.0,1014.7,1008.0,0.0,0.36,0.0
2024-11-18 23:00:00+00:00,13.2,80,0.0,0.0,5.0,15.1,98,3,0.0,1014.9,1008.1,0.0,0.3,0.0
2024-11-19 00:00:00+00:00,11.9,86,0.0,0.0,5.0,12.9,87,3,0.0,1014.6,1007.8,0.0,0.19,0.0
2024-11-19 01:00:00+00:00,10.6,89,0.0,0.0,5.8,14.5,100,3,0.0,1014.8,1008.0,0.0,0.14,0.0
2024-11-19 02:00:00+00:00,10.4,90,0.0,0.0,5.8,16.6,100,3,0.0,1015.1,1008.3,0.0,0.12,0.0
2024-11-19 03:00:00+00:00,11.6,84,0.0,0.0,8.8,21.7,93,3,0.0,1015.0,1008.2,0.0,0.21,0.0
2024-11-19 04:00:00+00:00,10.6,76,0.0,0.0,8.5,20.7,84,3,0.0,1015.2,1008.4,0.0,0.3,0.0
2024-11-19 05:00:00+00:00,9.6,71,0.0,0.0,10.0,21.9,67,2,0.0,1015.1,1008.3,0.0,0.35,0.0
2024-11-19 06:00:00+00:00,8.9,68,0.0,0.0,10.2,22.6,100,3,0.0,1015.1,1008.2,0.0,0.37,0.0
2024-11-19 07:00:00+00:00,8.2,69,0.0,0.0,9.7,21.8,99,3,0.0,1015.8,1008.9,0.0,0.34,0.0
2024-11-19 08:00:00+00:00,9.7,74,0.0,0.0,6.7,14.4,100,3,0.0,1016.0,1009.2,48.0,0.31,19.0
2024-11-19 09:00:00+00:00,11.4,65,0.0,0.0,4.9,8.7,100,3,0.0,1016.0,1009.2,162.0,0.48,60.0
2024-11-19 10:00:00+00:00,12.1,61,0.0,0.0,5.1,7.4,100,3,0.0,1015.6,1008.8,171.0,0.54,8.0
2024-11-19 11:00:00+00:00,13.0,58,0.0,0.0,2.6,3.7,100,3,0.0,1015.5,1008.7,229.0,0.63,18.0
2024-11-19 12:00:00+00:00,14.8,50,0.0,0.0,4.1,5.4,100,3,0.0,1014.5,1007.8,443.0,0.84,285.0
2024-11-19 13:00:00+00:00,15.2,48,0.0,0.0,6.8,9.0,100,3,0.0,1013.3,1006.6,329.0,0.9,88.0
2024-11-19 14:00:00+00:00,15.1,51,0.0,0.0,7.6,10.5,100,3,0.0,1012.5,1005.8,222.0,0.84,31.0
2024-11-19 15:00:00+00:00,14.6,56,0.0,0.0,5.9,8.3,100,3,0.0,1011.6,1004.9,139.0,0.74,23.0
2024-11-19 16:00:00+00:00,14.1,62,0.0,0.0,5.9,12.1,100,3,0.0,1011.1,1004.4,68.0,0.61,4.0
2024-11-19 17:00:00+00:00,12.2,72,0.0,0.0,4.6,12.0,100,3,0.0,1011.1,1004.3,21.0,0.4,1.0
2024-11-19 18:00:00+00:00,11.6,74,0.0,0.0,5.5,15.2,100,3,0.0,1011.4,1004.6,0.0,0.35,0.0
2024-11-19 19:00:00+00:00,11.0,76,0.0,0.0,5.5,14.8,100,3,0.0,1011.6,1004.8,0.0,0.32,0.0
2024-11-19 20:00:00+00:00,11.3,68,0.0,0.0,8.9,18.3,100,3,0.0,1011.2,1004.4,0.0,0.43,0.0
2024-11-19 21:00:00+00:00,11.1,71,0.0,0.0,6.5,14.4,100,3,0.0,1011.4,1004.6,0.0,0.39,0.0
2024-11-19 22:00:00+00:00,11.1,75,0.0,0.0,5.4,9.8,100,3,0.0,1011.0,1004.2,0.0,0.33,0.0
2024-11-19 23:00:00+00:00,11.1,78,0.0,0.0,3.8,7.7,100,3,0.0,1010.4,1003.6,0.0,0.29,0.0
2024-11-20 00:00:00+00:00,11.0,81,0.0,0.0,3.8,6.8,100,3,0.0,1009.8,1003.0,0.0,0.25,0.0
2024-11-20 01:00:00+00:00,10.9,84,1.2,0.0,1.5,3.4,90,55,1.2,1009.2,1002.4,0.0,0.2,0.0
2024-11-20 02:00:00+00:00,10.2,90,1.7,0.0,1.4,7.3,100,61,1.7,1009.1,1002.3,0.0,0.12,0.0
2024-11-20 03:00:00+00:00,10.4,95,0.0,0.0,2.7,6.3,77,2,0.0,1008.9,1002.1,0.0,0.06,0.0
2024-11-20 04:00:00+00:00,10.1,94,0.0,0.0,1.0,2.0,99,3,0.0,1008.9,1002.1,0.0,0.07,0.0
2024-11-20 05:00:00+00:00,10.4,96,0.0,0.0,4.0,3.0,100,3,0.0,1009.2,1002.4,0.0,0.05,0.0
2024-11-20 06:00:00+00:00,10.4,95,0.0,0.0,3.5,5.5,81,3,0.0,1009.0,1002.2,0.0,0.07,0.0
2024-11-20 07:00:00+00:00,9.8,95,0.0,0.0,2.7,4.9,8,0,0.0,1009.1,1002.3,0.0,0.06,0.0
2024-11-20 08:00:00+00:00,9.4,96,0.0,0.0,1.5,2.0,48,1,0.0,1009.5,1002.7,50.0,0.05,29.0
2024-11-20 09:00:00+00:00,11.8,89,0.0,0.0,0.9,1.6,8,0,0.0,1009.2,1002.5,180.0,0.16,117.0
2024-11-20 10:00:00+00:00,14.1,75,0.0,0.0,2.2,2.8,0,0,0.0,1008.8,1002.1,328.0,0.4,252.0
2024-11-20 11:00:00+00:00,16.0,69,0.0,0.0,4.2,5.5,7,0,0.0,1008.3,1001.7,443.0,0.57,367.0
2024-11-20 12:00:00+00:00,17.4,66,0.0,0.0,5.0,6.6,43,1,0.0,1007.1,1000.5,492.0,0.68,408.0
2024-11-20 13:00:00+00:00,17.7,65,0.0,0.0,8.2,11.0,100,3,0.0,1006.1,999.5,379.0,0.7,228.0
2024-11-20 14:00:00+00:00,17.0,68,0.0,0.0,8.8,12.1,100,3,0.0,1005.5,998.9,174.0,0.62,42.0
2024-11-20 15:00:00+00:00,16.4,72,0.0,0.0,9.0,13.1,100,3,0.0,1004.6,998.0,80.0,0.52,0.0
2024-11-20 16:00:00+00:00,16.1,74,0.0,0.0,8.0,13.5,100,3,0.0,1004.1,997.5,57.0,0.47,2.0
2024-11-20 17:00:00+00:00,15.2,79,0.0,0.0,11.0,20.4,63,2,0.0,1003.2,996.6,12.0,0.36,1.0
2024-11-20 18:00:00+00:00,14.3,84,0.0,0.0,9.7,20.7,53,2,0.0,1002.7,996.1,0.0,0.25,0.0
2024-11-20 19:00:00+00:00,13.4,91,0.1,0.0,9.5,20.8,94,51,0.1,1002.1,995.4,0.0,0.13,0.0
2024-11-20 20:00:00+00:00,13.6,97,3.5,0.0,6.9,16.1,100,63,3.5,1003.0,996.3,0.0,0.05,0.0
2024-11-20 21:00:00+00:00,12.1,97,5.8,0.0,30.0,51.0,100,63,5.8,1005.7,999.0,0.0,0.04,0.0
2024-11-20 22:00:00+00:00,9.3,79,0.6,0.0,27.3,45.8,75,53,0.6,1006.3,999.5,0.0,0.25,0.0
2024-11-20 23:00:00+00:00,7.5,80,1.5,0.0,33.1,53.1,100,61,1.5,1007.2,1000.4,0.0,0.21,0.0
2024-11-21 00:00:00+00:00,5.7,93,1.4,0.0,25.6,40.7,98,61,1.4,1007.4,1000.5,0.0,0.06,0.0
2024-11-21 01:00:00+00:00,6.2,86,0.1,0.0,23.5,39.2,77,51,0.1,1006.5,999.6,0.0,0.14,0.0
2024-11-21 02:00:00+00:00,6.1,76,0.0,0.0,20.3,34.9,0,0,0.0,1006.8,999.9,0.0,0.23,0.0
2024-11-21 03:00:00+00:00,5.6,68,0.0,0.0,19.6,34.9,0,0,0.0,1006.5,999.6,0.0,0.29,0.0
2024-11-21 04:00:00+00:00,5.1,66,0.0,0.0,17.8,32.2,0,0,0.0,1006.4,999.5,0.0,0.3,0.0
2024-11-21 05:00:00+00:00,4.7,69,0.0,0.0,16.8,31.1,0,0,0.0,1005.9,999.0,0.0,0.27,0.0
2024-11-21 06:00:00+00:00,4.3,72,0.0,0.0,15.1,28.8,0,0,0.0,1006.0,999.1,0.0,0.23,0.0
2024-11-21 07:00:00+00:00,4.1,75,0.0,0.0,12.7,25.6,0,0,0.0,1005.9,999.0,0.0,0.2,0.0
2024-11-21 08:00:00+00:00,4.4,78,0.0,0.0,10.8,21.7,38,1,0.0,1005.9,999.0,51.0,0.18,32.0
2024-11-21 09:00:00+00:00,6.6,69,0.0,0.0,9.7,16.7,99,3,0.0,1005.5,998.7,176.0,0.3,111.0
2024-11-21 10:00:00+00:00,8.2,63,0.0,0.0,8.3,12.5,100,3,0.0,1004.9,998.1,216.0,0.4,83.0
2024-11-21 11:00:00+00:00,8.4,58,0.1,0.0,14.2,20.4,53,51,0.1,1004.1,997.3,188.0,0.47,25.0
2024-11-21 12:00:00+00:00,8.8,59,0.1,0.0,15.0,21.1,75,51,0.1,1003.2,996.4,389.0,0.47,242.0
2024-11-21 13:00:00+00:00,9.0,55,0.0,0.0,14.5,20.9,100,3,0.0,1002.7,995.9,244.0,0.52,93.0
2024-11-21 14:00:00+00:00,8.2,56,0.0,0.0,13.2,19.1,100,3,0.0,1002.2,995.4,144.0,0.48,4.0
2024-11-21 15:00:00+00:00,8.2,57,0.1,0.0,14.3,20.3,100,51,0.1,1001.9,995.1,208.0,0.47,47.0
2024-11-21 16:00:00+00:00,5.3,80,0.2,0.0,16.1,25.7,100,51,0.2,1002.7,995.8,74.0,0.18,5.0
2024-11-21 17:00:00+00:00,5.1,87,0.2,0.0,7.7,14.0,100,51,0.2,1002.6,995.7,14.0,0.12,0.0
2024-11-21 18:00:00+00:00,4.8,92,0.5,0.0,7.1,13.3,98,53,0.5,1002.9,996.0,0.0,0.07,0.0
2024-11-21 19:00:00+00:00,4.2,92,0.2,0.0,11.9,21.3,99,51,0.2,1003.0,996.1,0.0,0.07,0.0
2024-11-21 20:00:00+00:00,4.0,83,0.0,0.0,13.8,25.6,55,2,0.0,1004.1,997.2,0.0,0.14,0.0
2024-11-21 21:00:00+00:00,4.1,79,0.0,0.0,16.4,29.1,14,0,0.0,1004.1,997.2,0.0,0.17,0.0
2024-11-21 22:00:00+00:00,3.8,73,0.0,0.0,17.8,30.9,26,1,0.0,1004.2,997.3,0.0,0.22,0.0
2024-11-21 23:00:00+00:00,3.2,71,0.0,0.0,17.1,29.7,0,0,0.0,1003.9,997.0,0.0,0.22,0.0
2024-11-22 00:00:00+00:00,2.5,67,0.0,0.0,17.3,30.4,0,0,0.0,1003.6,996.7,0.0,0.24,0.0
2024-11-22 01:00:00+00:00,1.8,65,0.0,0.0,16.8,29.2,0,0,0.0,1003.5,996.5,0.0,0.24,0.0
2024-11-22 02:00:00+00:00,1.2,66,0.0,0.0,17.0,29.6,0,0,0.0,1003.4,996.4,0.0,0.23,0.0
2024-11-22 03:00:00+00:00,0.9,67,0.0,0.0,16.7,29.7,3,0,0.0,1003.0,996.0,0.0,0.22,0.0
2024-11-22 04:00:00+00:00,0.9,68,0.0,0.0,15.9,28.6,3,0,0.0,1002.7,995.7,0.0,0.21,0.0
2024-11-22 05:00:00+00:00,0.7,69,0.0,0.0,15.9,28.5,1,0,0.0,1002.4,995.4,0.0,0.2,0.0
2024-11-22 06:00:00+00:00,0.6,69,0.0,0.0,15.7,28.4,0,0,0.0,1002.4,995.4,0.0,0.2,0.0
2024-11-22 07:00:00+00:00,0.4,69,0.0,0.0,16.1,29.1,1,0,0.0,1002.1,995.1,0.0,0.19,0.0
2024-11-22 08:00:00+00:00,1.4,66,0.0,0.0,18.3,30.8,87,3,0.0,1001.9,994.9,50.0,0.23,31.0
2024-11-22 09:00:00+00:00,2.9,62,0.0,0.0,17.5,26.8,100,3,0.0,1001.4,994.5,179.0,0.29,104.0
2024-11-22 10:00:00+00:00,4.1,62,0.0,0.0,18.9,28.3,100,3,0.0,1001.2,994.3,219.0,0.31,63.0
2024-11-22 11:00:00+00:00,3.3,77,0.3,0.14,16.6,25.9,100,71,0.5,1000.9,994.0,164.0,0.18,5.0
2024-11-22 12:00:00+00:00,2.7,87,0.4,0.35,22.4,36.9,100,73,0.9,999.6,992.7,76.0,0.1,0.0
2024-11-22 13:00:00+00:00,3.2,88,0.5,0.07,18.8,30.9,100,71,0.6,999.0,992.1,113.0,0.09,6.0
2024-11-22 14:00:00+00:00,2.8,93,0.6,0.0,18.3,31.3,100,53,0.6,998.3,991.4,61.0,0.05,0.0
2024-11-22 15:00:00+00:00,2.6,96,0.8,0.0,20.9,35.4,100,53,0.8,997.8,990.9,70.0,0.03,0.0
2024-11-22 16:00:00+00:00,2.4,96,0.8,0.0,24.0,40.6,100,53,0.8,998.0,991.1,22.0,0.03,0.0
2024-11-22 17:00:00+00:00,2.5,95,0.6,0.0,26.1,42.9,100,53,0.6,997.6,990.7,6.0,0.04,0.0
2024-11-22 18:00:00+00:00,3.0,95,0.6,0.0,24.9,42.4,100,53,0.6,997.3,990.4,0.0,0.04,0.0
2024-11-22 19:00:00+00:00,3.7,97,0.7,0.0,25.0,43.1,100,53,0.7,997.3,990.4,0.0,0.03,0.0
2024-11-22 20:00:00+00:00,4.0,95,0.4,0.0,22.0,38.5,100,51,0.4,998.7,991.8,0.0,0.04,0.0
2024-11-22 21:00:00+00:00,4.2,96,0.4,0.0,21.5,37.7,100,51,0.4,998.9,992.0,0.0,0.04,0.0
2024-11-22 22:00:00+00:00,4.6,92,0.1,0.0,21.6,37.2,86,51,0.1,999.0,992.1,0.0,0.07,0.0
2024-11-22 23:00:00+00:00,4.7,89,0.0,0.0,21.0,36.5,96,3,0.0,999.1,992.2,0.0,0.09,0.0
2024-11-23 00:00:00+00:00,5.2,84,0.0,0.0,21.8,37.8,59,2,0.0,999.8,993.0,0.0,0.15,0.0
2024-11-23 01:00:00+00:00,5.4,79,0.0,0.0,22.7,39.3,53,2,0.0,1000.5,993.7,0.0,0.19,0.0
2024-11-23 02:00:00+00:00,5.6,77,0.0,0.0,23.3,40.0,55,2,0.0,1001.2,994.4,0.0,0.21,0.0
2024-11-23 03:00:00+00:00,5.6,76,0.0,0.0,22.4,38.3,35,1,0.0,1002.1,995.3,0.0,0.22,0.0
2024-11-23 04:00:00+00:00,5.3,76,0.0,0.0,21.4,36.9,33,1,0.0,1003.2,996.3,0.0,0.21,0.0
2024-11-23 05:00:00+00:00,4.8,78,0.0,0.0,21.1,36.8,36,1,0.0,1004.5,997.6,0.0,0.19,0.0
2024-11-23 06:00:00+00:00,4.3,78,0.0,0.0,20.2,35.6,5,0,0.0,1005.4,998.5,0.0,0.18,0.0
2024-11-23 07:00:00+00:00,3.9,80,0.0,0.0,18.1,32.8,6,0,0.0,1006.4,999.5,0.0,0.16,0.0
2024-11-23 08:00:00+00:00,5.5,76,0.0,0.0,16.4,28.9,24,1,0.0,1007.5,1000.6,44.0,0.22,22.0
2024-11-23 09:00:00+00:00,7.2,72,0.0,0.0,15.9,24.7,47,1,0.0,1008.1,1001.2,185.0,0.29,120.0
2024-11-23 10:00:00+00:00,8.9,67,0.0,0.0,18.8,28.0,52,2,0.0,1008.9,1002.1,334.0,0.38,256.0
2024-11-23 11:00:00+00:00,10.6,56,0.0,0.0,25.7,37.5,76,2,0.0,1009.0,1002.2,454.0,0.56,372.0
2024-11-23 12:00:00+00:00,10.9,55,0.0,0.0,28.1,41.0,65,2,0.0,1008.6,1001.8,475.0,0.59,376.0
2024-11-23 13:00:00+00:00,10.9,57,0.0,0.0,30.6,45.4,60,2,0.0,1008.6,1001.8,396.0,0.56,262.0
2024-11-23 14:00:00+00:00,11.0,58,0.0,0.0,28.2,43.0,97,3,0.0,1008.7,1001.9,250.0,0.56,79.0
2024-11-23 15:00:00+00:00,10.9,59,0.0,0.0,25.8,40.8,88,3,0.0,1008.9,1002.1,136.0,0.54,52.0
2024-11-23 16:00:00+00:00,10.5,60,0.0,0.0,23.6,38.3,64,2,0.0,1009.9,1003.1,144.0,0.5,86.0
2024-11-23 17:00:00+00:00,9.8,63,0.0,0.0,22.0,36.3,100,3,0.0,1010.9,1004.1,15.0,0.45,4.0
2024-11-23 18:00:00+00:00,8.9,67,0.0,0.0,19.6,33.3,100,3,0.0,1011.9,1005.1,0.0,0.38,0.0
2024-11-23 19:00:00+00:00,8.7,67,0.0,0.0,20.0,33.7,90,3,0.0,1012.5,1005.7,0.0,0.37,0.0
2024-11-23 20:00:00+00:00,9.6,63,0.0,0.0,20.1,33.8,100,3,0.0,1013.0,1006.2,0.0,0.45,0.0
2024-11-23 21:00:00+00:00,9.4,64,0.0,0.0,18.0,30.3,100,3,0.0,1012.7,1005.9,0.0,0.42,0.0
2024-11-23 22:00:00+00:00,9.0,66,0.0,0.0,19.4,33.0,100,3,0.0,1013.7,1006.9,0.0,0.4,0.0
2024-11-23 23:00:00+00:00,8.8,66,0.0,0.0,17.8,30.3,100,3,0.0,1014.0,1007.1,0.0,0.39,0.0
2024-11-24 00:00:00+00:00,8.6,66,0.0,0.0,15.3,26.6,100,3,0.0,1014.2,1007.3,0.0,0.37,0.0
2024-11-24 01:00:00+00:00,8.4,66,0.0,0.0,16.6,28.5,100,3,0.0,1014.6,1007.7,0.0,0.37,0.0
2024-11-24 02:00:00+00:00,8.3,66,0.0,0.0,17.0,28.8,98,3,0.0,1014.8,1007.9,0.0,0.37,0.0
2024-11-24 03:00:00+00:00,7.8,70,0.0,0.0,18.4,32.2,100,3,0.0,1015.2,1008.3,0.0,0.32,0.0
2024-11-24 04:00:00+00:00,7.4,70,0.0,0.0,19.0,33.3,100,3,0.0,1015.3,1008.4,0.0,0.31,0.0
2024-11-24 05:00:00+00:00,7.4,70,0.0,0.0,19.3,33.0,98,3,0.0,1016.2,1009.3,0.0,0.31,0.0
2024-11-24 06:00:00+00:00,7.2,70,0.0,0.0,16.6,28.8,98,3,0.0,1016.4,1009.5,0.0,0.31,0.0
2024-11-24 07:00:00+00:00,6.4,73,0.0,0.0,14.3,26.4,95,3,0.0,1017.0,1010.1,0.0,0.26,0.0
2024-11-24 08:00:00+00:00,8.4,67,0.0,0.0,13.1,23.2,98,3,0.0,1016.8,1009.9,14.0,0.36,1.0
2024-11-24 09:00:00+00:00,9.3,65,0.0,0.0,13.6,20.1,86,3,0.0,1017.4,1010.5,128.0,0.41,35.0
2024-11-24 10:00:00+00:00,10.1,62,0.0,0.0,14.1,20.4,92,3,0.0,1017.6,1010.8,280.0,0.46,165.0
2024-11-24 11:00:00+00:00,10.8,59,0.0,0.0,13.7,19.3,95,3,0.0,1017.4,1010.6,359.0,0.53,203.0
2024-11-24 12:00:00+00:00,11.4,58,0.0,0.0,13.2,18.4,84,3,0.0,1016.6,1009.8,397.0,0.56,210.0
2024-11-24 13:00:00+00:00,12.0,57,0.0,0.0,11.2,15.5,14,0,0.0,1015.8,1009.0,427.0,0.61,269.0
2024-11-24 14:00:00+00:00,12.3,56,0.0,0.0,10.5,14.5,5,0,0.0,1015.2,1008.4,417.0,0.63,339.0
2024-11-24 15:00:00+00:00,12.2,56,0.0,0.0,10.7,15.3,18,0,0.0,1014.8,1008.0,310.0,0.62,244.0
2024-11-24 16:00:00+00:00,11.6,58,0.0,0.0,9.0,16.5,53,2,0.0,1015.0,1008.2,164.0,0.58,117.0
2024-11-24 17:00:00+00:00,9.3,64,0.0,0.0,8.2,20.5,68,2,0.0,1015.9,1009.0,28.0,0.42,15.0
2024-11-24 18:00:00+00:00,8.4,65,0.0,0.0,9.8,23.0,33,1,0.0,1016.8,1009.9,0.0,0.39,0.0
2024-11-24 19:00:00+00:00,7.4,68,0.0,0.0,8.4,22.1,36,1,0.0,1017.2,1010.3,0.0,0.33,0.0
2024-11-24 20:00:00+00:00,6.2,71,0.0,0.0,5.9,17.1,11,0,0.0,1017.8,1010.9,0.0,0.27,0.0
2024-11-24 21:00:00+00:00,5.6,75,0.0,0.0,5.3,15.5,22,1,0.0,1018.2,1011.2,0.0,0.23,0.0
2024-11-24 22:00:00+00:00,5.1,78,0.0,0.0,5.2,15.7,22,1,0.0,1018.7,1011.7,0.0,0.19,0.0
2024-11-24 23:00:00+00:00,4.6,80,0.0,0.0,4.3,13.4,42,1,0.0,1019.0,1012.0,0.0,0.17,0.0
2024-11-25 00:00:00+00:00,4.1,83,0.0,0.0,3.8,12.5,93,3,0.0,1018.8,1011.8,0.0,0.14,0.0
2024-11-25 01:00:00+00:00,4.0,86,0.0,0.0,3.8,11.3,100,3,0.0,1018.8,1011.8,0.0,0.12,0.0
2024-11-25 02:00:00+00:00,4.1,87,0.0,0.0,3.3,10.3,99,3,0.0,1019.0,1012.0,0.0,0.11,0.0
2024-11-25 03:00:00+00:00,4.0,87,0.0,0.0,1.1,7.4,69,2,0.0,1019.6,1012.6,0.0,0.11,0.0
2024-11-25 04:00:00+00:00,3.6,89,0.0,0.0,0.2,5.0,1,0,0.0,1019.6,1012.6,0.0,0.09,0.0
2024-11-25 05:00:00+00:00,3.2,92,0.0,0.0,0.4,3.6,29,1,0.0,1019.8,1012.8,0.0,0.07,0.0
2024-11-25 06:00:00+00:00,2.8,94,0.0,0.0,0.6,3.7,10,0,0.0,1019.8,1012.8,0.0,0.04,0.0
2024-11-25 07:00:00+00:00,2.4,97,0.0,0.0,0.7,5.3,0,0,0.0,1020.1,1013.0,0.0,0.02,0.0
2024-11-25 08:00:00+00:00,2.2,98,0.0,0.0,5.5,6.7,1,0,0.0,1020.9,1013.8,41.0,0.02,25.0
2024-11-25 09:00:00+00:00,5.1,82,0.0,0.0,3.1,9.1,2,0,0.0,1021.1,1014.1,186.0,0.16,136.0
2024-11-25 10:00:00+00:00,7.8,69,0.0,0.0,3.3,4.9,1,0,0.0,1021.1,1014.2,331.0,0.33,267.0
2024-11-25 11:00:00+00:00,9.9,61,0.0,0.0,5.3,7.3,11,0,0.0,1020.2,1013.3,437.0,0.48,366.0
2024-11-25 12:00:00+00:00,11.6,56,0.0,0.0,8.1,11.2,15,0,0.0,1018.9,1012.1,492.0,0.6,418.0
2024-11-25 13:00:00+00:00,12.5,54,0.0,0.0,8.4,11.4,85,3,0.0,1017.8,1011.0,488.0,0.67,415.0
2024-11-25 14:00:00+00:00,12.9,53,0.0,0.0,9.4,13.1,90,3,0.0,1016.9,1010.1,420.0,0.7,339.0
2024-11-25 15:00:00+00:00,12.9,54,0.0,0.0,11.0,16.0,97,3,0.0,1016.2,1009.4,298.0,0.69,218.0
2024-11-25 16:00:00+00:00,12.4,58,0.0,0.0,7.8,15.6,97,3,0.0,1016.1,1009.3,130.0,0.61,70.0
2024-11-25 17:00:00+00:00,10.6,66,0.0,0.0,6.8,16.9,57,2,0.0,1016.2,1009.4,21.0,0.43,8.0
2024-11-25 18:00:00+00:00,9.4,74,0.0,0.0,7.5,18.2,96,3,0.0,1016.5,1009.6,0.0,0.31,0.0
2024-11-25 19:00:00+00:00,9.7,73,0.0,0.0,9.8,22.5,100,3,0.0,1016.1,1009.3,0.0,0.33,0.0
2024-11-25 20:00:00+00:00,10.6,68,0.0,0.0,9.5,21.0,100,3,0.0,1016.1,1009.3,0.0,0.41,0.0
2024-11-25 21:00:00+00:00,11.2,66,0.0,0.0,8.9,20.0,91,3,0.0,1015.8,1009.0,0.0,0.45,0.0
2024-11-25 22:00:00+00:00,11.1,68,0.0,0.0,10.1,22.7,95,3,0.0,1015.2,1008.4,0.0,0.42,0.0
2024-11-25 23:00:00+00:00,10.5,73,0.0,0.0,11.4,24.9,100,3,0.0,1014.2,1007.4,0.0,0.34,0.0
2024-11-26 00:00:00+00:00,10.9,72,0.0,0.0,9.9,22.6,94,3,0.0,1013.5,1006.7,0.0,0.37,0.0
2024-11-26 01:00:00+00:00,9.9,75,0.0,0.0,9.2,22.8,100,3,0.0,1012.8,1006.0,0.0,0.3,0.0
2024-11-26 02:00:00+00:00,10.0,74,0.0,0.0,9.9,23.5,100,3,0.0,1011.7,1004.9,0.0,0.32,0.0
2024-11-26 03:00:00+00:00,10.2,73,0.5,0.0,7.2,19.5,100,53,0.5,1011.1,1004.3,0.0,0.33,0.0
2024-11-26 04:00:00+00:00,10.2,78,0.8,0.0,10.7,22.7,100,53,0.8,1010.1,1003.3,0.0,0.27,0.0
2024-11-26 05:00:00+00:00,10.3,79,0.0,0.0,13.4,28.1,100,3,0.0,1009.1,1002.3,0.0,0.26,0.0
2024-11-26 06:00:00+00:00,10.8,81,0.1,0.0,17.3,34.4,99,51,0.1,1009.1,1002.3,0.0,0.24,0.0
2024-11-26 07:00:00+00:00,10.2,87,0.2,0.0,11.0,23.7,100,51,0.2,1009.8,1003.0,0.0,0.16,0.0
2024-11-26 08:00:00+00:00,10.1,90,0.5,0.0,2.5,10.5,86,53,0.5,1011.2,1004.4,9.0,0.12,2.0
2024-11-26 09:00:00+00:00,12.4,90,0.0,0.0,16.7,31.4,29,1,0.0,1012.1,1005.3,87.0,0.14,18.0
2024-11-26 10:00:00+00:00,14.8,75,0.0,0.0,18.9,30.2,4,0,0.0,1012.9,1006.2,260.0,0.41,172.0
2024-11-26 11:00:00+00:00,15.6,63,0.0,0.0,22.3,33.2,20,1,0.0,1013.3,1006.6,421.0,0.66,346.0
2024-11-26 12:00:00+00:00,15.6,57,0.0,0.0,23.7,35.0,8,0,0.0,1013.2,1006.5,481.0,0.76,395.0
2024-11-26 13:00:00+00:00,14.9,50,0.0,0.0,22.6,33.3,0,0,0.0,1013.3,1006.6,481.0,0.85,400.0
2024-11-26 14:00:00+00:00,14.1,49,0.0,0.0,21.9,32.6,0,0,0.0,1013.5,1006.8,429.0,0.83,354.0
2024-11-26 15:00:00+00:00,13.2,48,0.0,0.0,21.6,32.9,0,0,0.0,1014.2,1007.5,323.0,0.8,261.0
2024-11-26 16:00:00+00:00,12.0,51,0.0,0.0,17.3,29.4,0,0,0.0,1015.3,1008.5,172.0,0.69,126.0
2024-11-26 17:00:00+00:00,10.2,53,0.0,0.0,14.4,27.8,0,0,0.0,1016.4,1009.6,30.0,0.59,17.0
2024-11-26 18:00:00+00:00,8.6,57,0.0,0.0,8.6,21.0,0,0,0.0,1017.4,1010.5,0.0,0.48,0.0
2024-11-26 19:00:00+00:00,7.1,64,0.0,0.0,7.6,20.4,0,0,0.0,1017.6,1010.7,0.0,0.36,0.0
2024-11-26 20:00:00+00:00,6.8,62,0.0,0.0,6.2,17.8,0,0,0.0,1017.3,1010.4,0.0,0.38,0.0
2024-11-26 21:00:00+00:00,6.1,66,0.0,0.0,6.3,17.6,26,1,0.0,1017.8,1010.9,0.0,0.32,0.0
2024-11-26 22:00:00+00:00,5.7,69,0.0,0.0,6.6,18.8,37,1,0.0,1018.1,1011.1,0.0,0.28,0.0
2024-11-26 23:00:00+00:00,5.6,70,0.0,0.0,8.1,21.2,59,2,0.0,1018.6,1011.6,0.0,0.27,0.0
2024-11-27 00:00:00+00:00,5.3,70,0.0,0.0,8.4,21.3,67,2,0.0,1019.0,1012.0,0.0,0.27,0.0
2024-11-27 01:00:00+00:00,4.9,70,0.0,0.0,7.6,20.7,73,2,0.0,1019.0,1012.0,0.0,0.26,0.0
2024-11-27 02:00:00+00:00,4.3,72,0.0,0.0,7.2,20.3,100,3,0.0,1019.1,1012.1,0.0,0.24,0.0
2024-11-27 03:00:00+00:00,3.8,74,0.0,0.0,6.6,18.7,68,2,0.0,1019.2,1012.2,0.0,0.21,0.0
2024-11-27 04:00:00+00:00,3.8,74,0.0,0.0,7.6,20.6,42,1,0.0,1019.1,1012.1,0.0,0.21,0.0
2024-11-27 05:00:00+00:00,3.3,75,0.0,0.0,7.1,20.5,83,3,0.0,1019.2,1012.2,0.0,0.2,0.0
2024-11-27 06:00:00+00:00,3.2,74,0.0,0.0,8.1,21.9,42,1,0.0,1019.4,1012.4,0.0,0.2,0.0
2024-11-27 07:00:00+00:00,3.2,72,0.0,0.0,8.7,22.5,79,2,0.0,1019.7,1012.7,0.0,0.21,0.0
2024-11-27 08:00:00+00:00,4.6,67,0.0,0.0,9.1,20.9,98,3,0.0,1019.5,1012.5,38.0,0.28,23.0
2024-11-27 09:00:00+00:00,6.9,61,0.0,0.0,7.9,19.6,83,3,0.0,1019.9,1013.0,174.0,0.39,113.0
2024-11-27 10:00:00+00:00,8.7,55,0.0,0.0,6.9,11.2,100,3,0.0,1020.1,1013.2,250.0,0.51,132.0
2024-11-27 11:00:00+00:00,10.6,47,0.0,0.0,5.6,8.1,100,3,0.0,1019.7,1012.9,395.0,0.68,261.0
2024-11-27 12:00:00+00:00,11.4,44,0.0,0.0,5.6,7.6,100,3,0.0,1018.3,1011.5,383.0,0.75,169.0
2024-11-27 13:00:00+00:00,11.1,45,0.0,0.0,7.8,10.6,100,3,0.0,1017.4,1010.6,284.0,0.73,51.0
2024-11-27 14:00:00+00:00,11.1,43,0.0,0.0,7.8,10.8,100,3,0.0,1016.4,1009.6,279.0,0.76,78.0
2024-11-27 15:00:00+00:00,10.5,46,0.0,0.0,6.2,9.0,100,3,0.0,1016.4,1009.6,164.0,0.69,16.0
2024-11-27 16:00:00+00:00,9.6,55,0.0,0.0,3.9,9.3,100,3,0.0,1015.7,1008.9,90.0,0.54,3.0
2024-11-27 17:00:00+00:00,7.3,65,0.0,0.0,6.2,15.7,100,3,0.0,1015.5,1008.6,21.0,0.36,3.0
2024-11-27 18:00:00+00:00,6.5,71,0.0,0.0,6.9,18.2,100,3,0.0,1015.5,1008.6,0.0,0.28,0.0
2024-11-27 19:00:00+00:00,6.8,67,0.0,0.0,8.4,20.4,99,3,0.0,1014.9,1008.0,0.0,0.33,0.0
2024-11-27 20:00:00+00:00,8.6,56,0.0,0.0,8.1,18.5,100,3,0.0,1015.4,1008.5,0.0,0.49,0.0
2024-11-27 21:00:00+00:00,8.4,58,0.0,0.0,9.9,20.7,100,3,0.0,1015.0,1008.1,0.0,0.47,0.0
2024-11-27 22:00:00+00:00,8.0,61,0.0,0.0,11.2,22.5,100,3,0.0,1013.8,1006.9,0.0,0.42,0.0
2024-11-27 23:00:00+00:00,7.8,60,0.0,0.0,11.5,22.9,100,3,0.0,1013.0,1006.1,0.0,0.42,0.0
2024-11-28 00:00:00+00:00,7.8,60,0.0,0.0,12.7,24.7,100,3,0.0,1011.7,1004.8,0.0,0.43,0.0
2024-11-28 01:00:00+00:00,7.8,66,0.0,0.0,11.5,22.6,100,3,0.0,1010.6,1003.7,0.0,0.36,0.0
2024-11-28 02:00:00+00:00,7.6,80,0.3,0.0,11.1,21.5,100,51,0.3,1009.0,1002.2,0.0,0.2,0.0
2024-11-28 03:00:00+00:00,7.3,96,0.6,0.0,8.3,19.4,100,53,0.6,1007.8,1001.0,0.0,0.04,0.0
2024-11-28 04:00:00+00:00,7.7,98,0.6,0.0,6.4,15.9,100,53,0.6,1006.6,999.8,0.0,0.02,0.0
2024-11-28 05:00:00+00:00,7.9,98,0.4,0.0,6.2,14.1,100,51,0.4,1005.2,998.4,0.0,0.02,0.0
2024-11-28 06:00:00+00:00,8.2,99,1.9,0.0,7.0,15.9,100,61,1.9,1003.8,997.0,0.0,0.01,0.0
2024-11-28 07:00:00+00:00,8.6,97,1.5,0.0,10.9,21.0,100,61,1.5,1002.5,995.7,0.0,0.03,0.0
2024-11-28 08:00:00+00:00,8.3,98,1.4,0.0,8.1,18.2,100,61,1.4,1002.1,995.3,5.0,0.02,0.0
2024-11-28 09:00:00+00:00,8.8,98,0.2,0.0,9.6,19.6,100,51,0.2,1001.8,995.0,24.0,0.02,0.0
2024-11-28 10:00:00+00:00,8.8,98,0.4,0.0,11.0,20.3,100,51,0.4,1001.8,995.0,39.0,0.02,0.0
2024-11-28 11:00:00+00:00,8.9,96,0.1,0.0,11.9,21.8,100,51,0.1,1002.1,995.3,48.0,0.05,0.0
2024-11-28 12:00:00+00:00,10.1,80,0.0,0.0,19.8,29.1,96,3,0.0,1001.8,995.1,185.0,0.25,81.0
2024-11-28 13:00:00+00:00,12.1,62,0.0,0.0,25.1,37.5,50,2,0.0,1002.2,995.5,327.0,0.54,157.0
2024-11-28 14:00:00+00:00,11.7,58,0.0,0.0,26.7,40.3,22,1,0.0,1003.5,996.8,365.0,0.58,260.0
2024-11-28 15:00:00+00:00,10.9,56,0.0,0.0,27.0,41.5,25,1,0.0,1004.7,998.0,293.0,0.58,217.0
2024-11-28 16:00:00+00:00,9.2,59,0.0,0.0,27.2,43.4,71,2,0.0,1006.7,999.9,159.0,0.48,107.0
2024-11-28 17:00:00+00:00,7.8,62,0.0,0.0,23.8,39.1,46,1,0.0,1008.5,1001.7,22.0,0.4,9.0
2024-11-28 18:00:00+00:00,7.3,61,0.0,0.0,20.0,34.0,1,0,0.0,1009.8,1002.9,0.0,0.4,0.0
2024-11-28 19:00:00+00:00,6.5,65,0.0,0.0,19.2,33.6,1,0,0.0,1010.8,1003.9,0.0,0.34,0.0
2024-11-28 20:00:00+00:00,6.4,68,0.0,0.0,18.1,32.0,0,0,0.0,1012.2,1005.3,0.0,0.31,0.0
2024-11-28 21:00:00+00:00,5.8,72,0.0,0.0,17.1,31.0,1,0,0.0,1013.0,1006.1,0.0,0.26,0.0
2024-11-28 22:00:00+00:00,5.2,76,0.0,0.0,14.0,26.6,1,0,0.0,1013.4,1006.5,0.0,0.21,0.0
2024-11-28 23:00:00+00:00,4.6,80,0.0,0.0,13.6,26.2,0,0,0.0,1013.9,1006.9,0.0,0.17,0.0
2024-11-29 00:00:00+00:00,4.4,80,0.0,0.0,13.9,26.6,2,0,0.0,1014.4,1007.4,0.0,0.17,0.0
2024-11-29 01:00:00+00:00,4.1,79,0.0,0.0,13.2,25.4,3,0,0.0,1014.7,1007.7,0.0,0.17,0.0
2024-11-29 02:00:00+00:00,3.8,76,0.0,0.0,14.8,27.7,4,0,0.0,1014.7,1007.7,0.0,0.19,0.0
2024-11-29 03:00:00+00:00,3.3,69,0.0,0.0,15.9,29.1,0,0,0.0,1015.5,1008.5,0.0,0.24,0.0
2024-11-29 04:00:00+00:00,2.8,67,0.0,0.0,11.7,23.6,0,0,0.0,1015.4,1008.4,0.0,0.25,0.0
2024-11-29 05:00:00+00:00,2.2,72,0.0,0.0,8.0,19.7,0,0,0.0,1015.6,1008.6,0.0,0.2,0.0
2024-11-29 06:00:00+00:00,1.2,79,0.0,0.0,5.8,15.9,1,0,0.0,1015.7,1008.6,0.0,0.14,0.0
2024-11-29 07:00:00+00:00,1.5,77,0.0,0.0,7.5,18.3,4,0,0.0,1015.8,1008.8,0.0,0.16,0.0
2024-11-29 08:00:00+00:00,3.2,67,0.0,0.0,10.2,20.5,97,3,0.0,1015.7,1008.7,20.0,0.25,6.0
2024-11-29 09:00:00+00:00,4.3,65,0.0,0.0,9.4,18.0,100,3,0.0,1016.4,1009.4,103.0,0.3,41.0
2024-11-29 10:00:00+00:00,4.8,64,0.0,0.0,8.1,12.7,85,3,0.0,1016.3,1009.3,98.0,0.31,19.0
2024-11-29 11:00:00+00:00,6.9,58,0.0,0.0,12.4,18.2,99,3,0.0,1015.7,1008.8,286.0,0.42,136.0
2024-11-29 12:00:00+00:00,7.0,63,0.3,0.0,18.8,27.1,32,51,0.3,1014.9,1008.0,319.0,0.37,134.0
2024-11-29 13:00:00+00:00,6.8,62,0.5,0.0,18.4,26.3,79,53,0.5,1014.9,1008.0,347.0,0.37,217.0
2024-11-29 14:00:00+00:00,6.4,49,0.1,0.0,20.2,29.7,87,51,0.1,1014.5,1007.6,200.0,0.49,84.0
2024-11-29 15:00:00+00:00,5.3,45,0.0,0.0,23.3,34.8,50,2,0.0,1014.8,1007.9,188.0,0.49,98.0
2024-11-29 16:00:00+00:00,3.7,49,0.0,0.0,22.4,33.7,54,2,0.0,1015.5,1008.5,149.0,0.41,93.0
2024-11-29 17:00:00+00:00,1.8,52,0.0,0.0,20.7,34.3,0,0,0.0,1016.5,1009.5,25.0,0.34,12.0
2024-11-29 18:00:00+00:00,0.9,53,0.0,0.0,18.5,31.7,6,0,0.0,1017.3,1010.2,0.0,0.31,0.0
2024-11-29 19:00:00+00:00,0.5,55,0.0,0.0,16.6,29.2,14,0,0.0,1017.5,1010.4,0.0,0.29,0.0
2024-11-29 20:00:00+00:00,0.9,53,0.0,0.0,16.2,29.0,53,2,0.0,1017.8,1010.7,0.0,0.31,0.0
2024-11-29 21:00:00+00:00,0.8,54,0.0,0.0,16.1,28.3,11,0,0.0,1018.2,1011.1,0.0,0.3,0.0
2024-11-29 22:00:00+00:00,0.3,56,0.0,0.0,13.6,24.8,23,1,0.0,1018.8,1011.7,0.0,0.28,0.0
2024-11-29 23:00:00+00:00,0.2,56,0.0,0.0,14.2,25.0,2,0,0.0,1018.9,1011.8,0.0,0.27,0.0
2024-11-30 00:00:00+00:00,-0.6,58,0.0,0.0,13.2,24.5,0,0,0.0,1019.0,1011.9,0.0,0.25,0.0
2024-11-30 01:00:00+00:00,-1.2,56,0.0,0.0,12.0,22.8,0,0,0.0,1019.0,1011.9,0.0,0.24,0.0
2024-11-30 02:00:00+00:00,-1.8,58,0.0,0.0,10.8,21.9,0,0,0.0,1019.0,1011.8,0.0,0.23,0.0
2024-11-30 03:00:00+00:00,-2.2,61,0.0,0.0,10.9,22.5,1,0,0.0,1019.2,1012.0,0.0,0.2,0.0
2024-11-30 04:00:00+00:00,-2.5,64,0.0,0.0,10.4,22.1,86,3,0.0,1019.2,1012.0,0.0,0.18,0.0
2024-11-30 05:00:00+00:00,-2.0,64,0.0,0.0,9.5,19.5,100,3,0.0,1019.3,1012.1,0.0,0.19,0.0
2024-11-30 06:00:00+00:00,-1.2,62,0.0,0.0,10.3,18.9,90,3,0.0,1019.6,1012.5,0.0,0.21,0.0
2024-11-30 07:00:00+00:00,-0.9,60,0.0,0.0,14.1,24.3,58,2,0.0,1020.0,1012.9,0.0,0.23,0.0
2024-11-30 08:00:00+00:00,-0.9,56,0.0,0.0,15.9,27.1,2,0,0.0,1020.9,1013.8,33.0,0.25,18.0
2024-11-30 09:00:00+00:00,-0.1,48,0.0,0.0,18.3,27.3,2,0,0.0,1021.2,1014.1,180.0,0.32,132.0
2024-11-30 10:00:00+00:00,0.7,44,0.0,0.0,21.7,31.4,12,0,0.0,1021.4,1014.3,330.0,0.36,265.0
2024-11-30 11:00:00+00:00,1.1,43,0.0,0.0,22.6,32.5,9,0,0.0,1021.5,1014.4,427.0,0.38,341.0
2024-11-30 12:00:00+00:00,1.1,41,0.0,0.0,21.6,31.2,7,0,0.0,1020.8,1013.7,489.0,0.39,406.0
2024-11-30 13:00:00+00:00,1.1,42,0.0,0.0,20.6,29.5,0,0,0.0,1020.4,1013.3,493.0,0.39,416.0
2024-11-30 14:00:00+00:00,1.1,42,0.0,0.0,18.5,26.4,0,0,0.0,1020.0,1012.9,432.0,0.38,362.0
2024-11-30 15:00:00+00:00,0.9,44,0.0,0.0,17.2,25.1,1,0,0.0,1019.8,1012.7,319.0,0.37,258.0
2024-11-30 16:00:00+00:00,0.3,47,0.0,0.0,14.3,22.6,0,0,0.0,1020.4,1013.3,167.0,0.34,121.0
2024-11-30 17:00:00+00:00,-1.1,56,0.0,0.0,8.5,18.7,0,0,0.0,1020.7,1013.6,27.0,0.25,16.0
2024-11-30 18:00:00+00:00,-1.8,60,0.0,0.0,7.3,18.9,1,0,0.0,1020.9,1013.7,0.0,0.21,0.0
2024-11-30 19:00:00+00:00,-2.2,61,0.0,0.0,7.0,19.2,33,1,0.0,1021.1,1013.9,0.0,0.21,0.0
2024-11-30 20:00:00+00:00,-2.8,63,0.0,0.0,6.1,17.8,12,0,0.0,1021.4,1014.2,0.0,0.18,0.0
2024-11-30 21:00:00+00:00,-3.2,64,0.0,0.0,6.2,18.0,0,0,0.0,1021.4,1014.2,0.0,0.17,0.0
2024-11-30 22:00:00+00:00,-3.8,68,0.0,0.0,5.3,15.8,12,0,0.0,1021.5,1014.3,0.0,0.15,0.0
2024-11-30 23:00:00+00:00,-3.5,68,0.0,0.0,1.5,9.9,95,3,0.0,1021.7,1014.5,0.0,0.15,0.0
2024-12-01 00:00:00+00:00,-3.2,71,0.0,0.0,0.8,7.2,99,3,0.0,1021.6,1014.4,0.0,0.14,0.0
2024-12-01 01:00:00+00:00,-3.0,72,0.0,0.0,1.5,8.6,100,3,0.0,1021.6,1014.4,0.0,0.14,0.0
2024-12-01 02:00:00+00:00,-2.3,68,0.0,0.0,6.5,14.8,100,3,0.0,1021.8,1014.6,0.0,0.17,0.0
2024-12-01 03:00:00+00:00,-2.0,64,0.0,0.0,6.0,14.0,100,3,0.0,1021.8,1014.6,0.0,0.19,0.0
2024-12-01 04:00:00+00:00,-2.3,65,0.0,0.0,6.1,15.2,94,3,0.0,1021.4,1014.2,0.0,0.18,0.0
2024-12-01 05:00:00+00:00,-2.5,68,0.0,0.0,4.4,13.7,77,2,0.0,1021.3,1014.1,0.0,0.16,0.0
2024-12-01 06:00:00+00:00,-3.1,73,0.0,0.0,5.1,14.5,98,3,0.0,1021.1,1013.9,0.0,0.13,0.0
2024-12-01 07:00:00+00:00,-2.5,71,0.0,0.0,5.1,15.1,97,3,0.0,1021.1,1013.9,0.0,0.15,0.0
2024-12-01 08:00:00+00:00,-2.5,70,0.0,0.0,3.7,10.1,100,3,0.0,1021.9,1014.7,21.0,0.16,4.0
2024-12-01 09:00:00+00:00,-1.1,61,0.0,0.0,2.2,4.9,100,3,0.0,1021.9,1014.7,69.0,0.22,0.0
2024-12-01 10:00:00+00:00,0.6,53,0.0,0.0,4.1,6.5,100,3,0.0,1021.6,1014.5,165.0,0.3,41.0
2024-12-01 11:00:00+00:00,2.3,46,0.0,0.0,5.2,7.8,81,3,0.0,1020.9,1013.8,227.0,0.39,46.0
2024-12-01 12:00:00+00:00,4.5,40,0.0,0.0,13.7,19.3,100,3,0.0,1019.9,1012.9,380.0,0.51,215.0
2024-12-01 13:00:00+00:00,4.8,39,0.0,0.0,18.0,25.5,100,3,0.0,1019.3,1012.3,309.0,0.53,139.0
2024-12-01 14:00:00+00:00,4.7,40,0.0,0.0,16.9,24.7,100,3,0.0,1018.9,1011.9,178.0,0.51,10.0
2024-12-01 15:00:00+00:00,4.0,46,0.0,0.0,14.2,21.2,100,3,0.0,1018.8,1011.8,143.0,0.44,20.0
2024-12-01 16:00:00+00:00,2.6,52,0.0,0.0,8.5,15.8,97,3,0.0,1019.3,1012.3,60.0,0.35,1.0
2024-12-01 17:00:00+00:00,-0.7,69,0.0,0.0,5.9,15.2,72,2,0.0,1019.6,1012.5,22.0,0.18,6.0
2024-12-01 18:00:00+00:00,0.5,60,0.0,0.0,9.3,20.9,2,0,0.0,1020.1,1013.0,0.0,0.25,0.0
2024-12-01 19:00:00+00:00,-1.1,70,0.0,0.0,9.5,22.3,0,0,0.0,1020.7,1013.6,0.0,0.17,0.0
2024-12-01 20:00:00+00:00,-0.9,79,0.0,0.0,7.0,19.8,25,1,0.0,1021.3,1014.2,0.0,0.12,0.0
2024-12-01 21:00:00+00:00,-1.6,79,0.0,0.0,8.5,22.1,37,1,0.0,1021.7,1014.5,0.0,0.11,0.0
2024-12-01 22:00:00+00:00,-1.2,68,0.0,0.0,11.7,25.2,100,3,0.0,1022.1,1014.9,0.0,0.18,0.0
2024-12-01 23:00:00+00:00,-0.6,54,0.0,0.0,13.8,26.4,22,1,0.0,1022.4,1015.3,0.0,0.27,0.0
2024-12-02 00:00:00+00:00,-2.0,56,0.0,0.0,12.4,25.3,0,0,0.0,1022.6,1015.4,0.0,0.23,0.0
2024-12-02 01:00:00+00:00,-2.8,59,0.0,0.0,11.1,23.8,0,0,0.0,1022.8,1015.6,0.0,0.2,0.0
2024-12-02 02:00:00+00:00,-3.2,60,0.0,0.0,10.0,22.3,0,0,0.0,1022.7,1015.5,0.0,0.19,0.0
2024-12-02 03:00:00+00:00,-3.5,59,0.0,0.0,10.2,22.2,0,0,0.0,1023.0,1015.8,0.0,0.19,0.0
2024-12-02 04:00:00+00:00,-3.6,58,0.0,0.0,11.0,22.8,0,0,0.0,1023.1,1015.9,0.0,0.2,0.0
2024-12-02 05:00:00+00:00,-3.8,59,0.0,0.0,10.5,21.8,0,0,0.0,1023.4,1016.2,0.0,0.19,0.0
2024-12-02 06:00:00+00:00,-4.0,60,0.0,0.0,10.7,21.9,0,0,0.0,1023.6,1016.4,0.0,0.18,0.0
2024-12-02 07:00:00+00:00,-4.1,61,0.0,0.0,10.1,21.2,0,0,0.0,1024.2,1016.9,0.0,0.18,0.0
2024-12-02 08:00:00+00:00,-3.2,58,0.0,0.0,10.2,21.8,1,0,0.0,1024.9,1017.7,29.0,0.2,16.0
2024-12-02 09:00:00+00:00,-1.3,50,0.0,0.0,11.5,17.6,9,0,0.0,1025.2,1018.0,163.0,0.28,109.0
2024-12-02 10:00:00+00:00,0.2,45,0.0,0.0,13.6,19.5,7,0,0.0,1025.4,1018.3,316.0,0.34,251.0
2024-12-02 11:00:00+00:00,1.6,41,0.0,0.0,14.2,20.0,2,0,0.0,1025.0,1017.9,427.0,0.41,355.0
2024-12-02 12:00:00+00:00,2.8,38,0.0,0.0,13.9,19.7,0,0,0.0,1024.0,1016.9,485.0,0.46,410.0
2024-12-02 13:00:00+00:00,3.5,36,0.0,0.0,14.3,19.9,0,0,0.0,1023.4,1016.4,485.0,0.5,410.0
2024-12-02 14:00:00+00:00,3.7,35,0.0,0.0,15.2,21.3,0,0,0.0,1022.9,1015.9,425.0,0.52,355.0
2024-12-02 15:00:00+00:00,3.7,34,0.0,0.0,15.0,21.8,3,0,0.0,1022.7,1015.7,313.0,0.52,251.0
2024-12-02 16:00:00+00:00,2.8,36,0.0,0.0,12.7,22.4,3,0,0.0,1023.1,1016.0,162.0,0.48,116.0
2024-12-02 17:00:00+00:00,0.3,47,0.0,0.0,10.2,24.0,0,0,0.0,1023.8,1016.7,26.0,0.33,15.0
2024-12-02 18:00:00+00:00,-0.4,51,0.0,0.0,12.0,26.3,0,0,0.0,1024.2,1017.0,0.0,0.29,0.0
2024-12-02 19:00:00+00:00,-1.0,55,0.0,0.0,13.2,27.1,0,0,0.0,1025.0,1017.8,0.0,0.25,0.0
2024-12-02 20:00:00+00:00,-2.0,66,0.0,0.0,8.7,21.1,0,0,0.0,1025.9,1018.7,0.0,0.18,0.0
2024-12-02 21:00:00+00:00,-2.2,65,0.0,0.0,10.4,23.7,0,0,0.0,1026.2,1019.0,0.0,0.18,0.0
2024-12-02 22:00:00+00:00,-2.5,64,0.0,0.0,10.9,24.0,0,0,0.0,1026.5,1019.3,0.0,0.18,0.0
2024-12-02 23:00:00+00:00,-2.7,64,0.0,0.0,11.5,24.7,0,0,0.0,1026.5,1019.3,0.0,0.18,0.0
2024-12-03 00:00:00+00:00,-2.6,64,0.0,0.0,12.5,25.4,0,0,0.0,1026.8,1019.6,0.0,0.18,0.0
2024-12-03 01:00:00+00:00,-2.7,64,0.0,0.0,12.5,25.1,0,0,0.0,1026.9,1019.7,0.0,0.18,0.0
2024-12-03 02:00:00+00:00,-2.8,65,0.0,0.0,12.2,24.6,0,0,0.0,1026.9,1019.7,0.0,0.17,0.0
2024-12-03 03:00:00+00:00,-3.0,66,0.0,0.0,12.0,24.1,0,0,0.0,1027.2,1020.0,0.0,0.17,0.0
2024-12-03 04:00:00+00:00,-3.1,66,0.0,0.0,12.0,24.3,0,0,0.0,1027.1,1019.9,0.0,0.17,0.0
2024-12-03 05:00:00+00:00,-3.2,66,0.0,0.0,12.2,24.4,0,0,0.0,1027.2,1020.0,0.0,0.17,0.0
2024-12-03 06:00:00+00:00,-3.0,65,0.0,0.0,12.9,25.4,0,0,0.0,1027.4,1020.2,0.0,0.17,0.0
2024-12-03 07:00:00+00:00,-3.0,65,0.0,0.0,13.4,26.1,0,0,0.0,1027.9,1020.7,0.0,0.17,0.0
2024-12-03 08:00:00+00:00,-2.7,60,0.0,0.0,13.5,25.1,0,0,0.0,1029.0,1021.8,28.0,0.2,16.0
2024-12-03 09:00:00+00:00,-0.7,52,0.0,0.0,13.8,22.1,9,0,0.0,1029.4,1022.2,165.0,0.28,118.0
2024-12-03 10:00:00+00:00,1.1,46,0.0,0.0,16.4,24.2,13,0,0.0,1029.6,1022.4,311.0,0.36,245.0
2024-12-03 11:00:00+00:00,2.6,42,0.0,0.0,17.7,25.5,13,0,0.0,1029.5,1022.4,422.0,0.42,350.0
2024-12-03 12:00:00+00:00,3.8,38,0.0,0.0,17.7,25.3,0,0,0.0,1028.4,1021.3,480.0,0.49,404.0
2024-12-03 13:00:00+00:00,4.5,35,0.0,0.0,18.5,26.4,0,0,0.0,1027.7,1020.6,481.0,0.55,407.0
2024-12-03 14:00:00+00:00,4.5,34,0.0,0.0,18.6,27.0,0,0,0.0,1027.2,1020.2,422.0,0.56,352.0
2024-12-03 15:00:00+00:00,4.2,33,0.0,0.0,18.0,26.8,0,0,0.0,1027.0,1019.9,310.0,0.56,249.0
2024-12-03 16:00:00+00:00,3.2,34,0.0,0.0,14.1,24.7,0,0,0.0,1027.5,1020.4,162.0,0.5,117.0
2024-12-03 17:00:00+00:00,0.6,42,0.0,0.0,9.4,23.1,0,0,0.0,1028.0,1020.8,26.0,0.37,15.0
2024-12-03 18:00:00+00:00,-0.4,46,0.0,0.0,11.6,26.0,0,0,0.0,1028.5,1021.3,0.0,0.32,0.0
2024-12-03 19:00:00+00:00,-0.6,49,0.0,0.0,13.9,28.4,0,0,0.0,1029.0,1021.8,0.0,0.3,0.0
2024-12-03 20:00:00+00:00,-0.9,57,0.0,0.0,15.2,29.4,0,0,0.0,1029.4,1022.2,0.0,0.25,0.0
2024-12-03 21:00:00+00:00,-1.1,58,0.0,0.0,15.0,28.9,0,0,0.0,1029.8,1022.6,0.0,0.24,0.0
2024-12-03 22:00:00+00:00,-1.6,60,0.0,0.0,12.1,24.7,0,0,0.0,1029.6,1022.4,0.0,0.22,0.0
2024-12-03 23:00:00+00:00,-2.2,64,0.0,0.0,8.7,20.9,0,0,0.0,1029.4,1022.2,0.0,0.19,0.0
2024-12-04 00:00:00+00:00,-2.8,69,0.0,0.0,6.4,17.8,0,0,0.0,1028.9,1021.6,0.0,0.15,0.0
2024-12-04 01:00:00+00:00,-2.8,70,0.0,0.0,8.2,19.7,6,0,0.0,1028.8,1021.6,0.0,0.15,0.0
2024-12-04 02:00:00+00:00,-2.8,70,0.0,0.0,8.4,20.2,19,0,0.0,1028.5,1021.3,0.0,0.15,0.0
2024-12-04 03:00:00+00:00,-2.8,70,0.0,0.0,8.7,20.4,1,0,0.0,1028.4,1021.2,0.0,0.15,0.0
2024-12-04 04:00:00+00:00,-2.9,71,0.0,0.0,8.8,20.6,5,0,0.0,1028.0,1020.8,0.0,0.14,0.0
2024-12-04 05:00:00+00:00,-3.2,73,0.0,0.0,6.5,17.5,5,0,0.0,1027.5,1020.3,0.0,0.13,0.0
2024-12-04 06:00:00+00:00,-3.8,77,0.0,0.0,4.3,13.3,14,0,0.0,1027.0,1019.7,0.0,0.11,0.0
2024-12-04 07:00:00+00:00,-3.9,80,0.0,0.0,3.3,8.2,44,1,0.0,1026.7,1019.4,0.0,0.09,0.0
2024-12-04 08:00:00+00:00,-3.7,74,0.0,0.0,7.3,12.5,95,3,0.0,1026.8,1019.5,27.0,0.12,15.0
2024-12-04 09:00:00+00:00,-1.6,56,0.0,0.0,9.6,20.7,73,2,0.0,1026.3,1019.1,104.0,0.24,32.0
2024-12-04 10:00:00+00:00,0.3,45,0.0,0.0,13.9,20.9,40,1,0.0,1025.3,1018.2,258.0,0.35,140.0
2024-12-04 11:00:00+00:00,2.2,38,0.0,0.0,17.5,25.5,0,0,0.0,1023.6,1016.5,403.0,0.44,312.0
2024-12-04 12:00:00+00:00,3.3,33,0.0,0.0,18.7,27.0,19,0,0.0,1021.7,1014.7,478.0,0.52,407.0
2024-12-04 13:00:00+00:00,4.3,29,0.0,0.0,19.5,28.3,36,1,0.0,1019.2,1012.2,484.0,0.59,412.0
2024-12-04 14:00:00+00:00,4.8,26,0.0,0.0,19.4,28.6,97,3,0.0,1017.8,1010.8,360.0,0.64,233.0
2024-12-04 15:00:00+00:00,4.4,27,0.0,0.0,18.8,29.4,100,3,0.0,1016.6,1009.6,164.0,0.62,62.0
2024-12-04 16:00:00+00:00,3.8,29,0.0,0.0,18.1,31.1,100,3,0.0,1015.5,1008.5,46.0,0.57,1.0
2024-12-04 17:00:00+00:00,3.4,32,0.0,0.0,19.8,35.3,100,3,0.0,1014.3,1007.3,8.0,0.53,0.0
2024-12-04 18:00:00+00:00,3.3,34,0.0,0.0,21.9,38.8,81,3,0.0,1012.9,1005.9,0.0,0.51,0.0
2024-12-04 19:00:00+00:00,3.1,37,0.0,0.0,21.6,38.9,84,3,0.0,1012.3,1005.3,0.0,0.48,0.0
2024-12-04 20:00:00+00:00,3.2,45,0.0,0.0,21.6,38.7,99,3,0.0,1010.9,1003.9,0.0,0.43,0.0
2024-12-04 21:00:00+00:00,3.5,47,0.0,0.0,22.0,39.1,100,3,0.0,1010.2,1003.2,0.0,0.42,0.0
2024-12-04 22:00:00+00:00,4.3,46,0.0,0.0,23.9,41.7,100,3,0.0,1009.0,1002.1,0.0,0.45,0.0
2024-12-04 23:00:00+00:00,4.6,45,0.0,0.0,23.3,40.7,99,3,0.0,1008.0,1001.1,0.0,0.47,0.0
2024-12-05 00:00:00+00:00,4.8,45,0.0,0.0,23.1,40.7,31,1,0.0,1006.5,999.6,0.0,0.47,0.0
2024-12-05 01:00:00+00:00,4.4,48,0.0,0.0,22.2,40.3,28,1,0.0,1005.1,998.2,0.0,0.44,0.0
2024-12-05 02:00:00+00:00,4.2,49,0.0,0.0,22.9,41.6,12,0,0.0,1003.5,996.6,0.0,0.42,0.0
2024-12-05 03:00:00+00:00,4.2,51,0.0,0.0,24.5,44.2,26,1,0.0,1002.4,995.5,0.0,0.4,0.0
2024-12-05 04:00:00+00:00,4.4,51,0.0,0.0,25.5,45.3,100,3,0.0,1002.0,995.1,0.0,0.41,0.0
2024-12-05 05:00:00+00:00,4.0,58,0.2,0.0,21.9,37.8,100,51,0.2,1003.3,996.4,0.0,0.34,0.0
2024-12-05 06:00:00+00:00,3.0,69,0.1,0.0,17.9,33.1,80,51,0.1,1003.2,996.3,0.0,0.24,0.0
2024-12-05 07:00:00+00:00,2.5,76,0.2,0.07,28.1,47.6,100,71,0.3,1005.8,998.8,0.0,0.17,0.0
2024-12-05 08:00:00+00:00,3.2,78,0.1,0.0,25.1,42.5,100,51,0.1,1006.3,999.4,8.0,0.17,1.0
2024-12-05 09:00:00+00:00,3.6,50,0.0,0.0,29.9,47.9,55,2,0.0,1007.8,1000.9,69.0,0.4,20.0
2024-12-05 10:00:00+00:00,1.5,34,0.0,0.0,28.9,43.5,0,0,0.0,1009.9,1002.9,306.0,0.45,243.0
2024-12-05 11:00:00+00:00,0.9,38,0.0,0.0,29.7,44.2,4,0,0.0,1011.0,1004.0,436.0,0.41,370.0
2024-12-05 12:00:00+00:00,0.9,40,0.0,0.0,31.9,47.2,47,1,0.0,1011.4,1004.4,484.0,0.39,407.0
2024-12-05 13:00:00+00:00,1.0,38,0.0,0.0,34.9,51.6,31,1,0.0,1011.7,1004.7,477.0,0.41,398.0
2024-12-05 14:00:00+00:00,1.0,37,0.0,0.0,32.4,48.3,19,0,0.0,1012.5,1005.5,406.0,0.42,307.0
2024-12-05 15:00:00+00:00,-0.1,40,0.0,0.0,27.2,41.4,1,0,0.0,1013.6,1006.5,283.0,0.37,185.0
2024-12-05 16:00:00+00:00,-0.6,39,0.0,0.0,25.0,39.3,0,0,0.0,1015.0,1007.9,163.0,0.35,116.0
2024-12-05 17:00:00+00:00,-1.8,43,0.0,0.0,23.1,39.0,0,0,0.0,1016.5,1009.4,26.0,0.31,15.0
2024-12-05 18:00:00+00:00,-2.6,45,0.0,0.0,23.8,40.1,6,0,0.0,1017.9,1010.7,0.0,0.28,0.0
2024-12-05 19:00:00+00:00,-3.0,46,0.0,0.0,21.3,36.3,32,1,0.0,1018.8,1011.6,0.0,0.27,0.0
2024-12-05 20:00:00+00:00,-3.0,48,0.0,0.0,20.8,35.0,7,0,0.0,1020.5,1013.3,0.0,0.25,0.0
2024-12-05 21:00:00+00:00,-3.2,51,0.0,0.0,19.1,32.9,10,0,0.0,1020.8,1013.6,0.0,0.24,0.0
2024-12-05 22:00:00+00:00,-3.1,54,0.0,0.0,19.6,33.8,23,1,0.0,1021.2,1014.0,0.0,0.22,0.0
2024-12-05 23:00:00+00:00,-3.0,57,0.0,0.0,19.5,33.4,31,1,0.0,1021.3,1014.1,0.0,0.21,0.0
2024-12-06 00:00:00+00:00,-2.9,60,0.0,0.0,20.8,35.5,52,2,0.0,1021.4,1014.2,0.0,0.2,0.0
2024-12-06 01:00:00+00:00,-2.7,61,0.0,0.0,21.7,36.7,4,0,0.0,1021.6,1014.4,0.0,0.2,0.0
2024-12-06 02:00:00+00:00,-2.7,62,0.0,0.0,20.7,35.2,2,0,0.0,1021.8,1014.6,0.0,0.19,0.0
2024-12-06 03:00:00+00:00,-2.8,64,0.0,0.0,20.3,34.7,17,0,0.0,1022.4,1015.2,0.0,0.18,0.0
2024-12-06 04:00:00+00:00,-2.8,65,0.0,0.0,19.1,33.0,2,0,0.0,1022.6,1015.4,0.0,0.18,0.0
2024-12-06 05:00:00+00:00,-3.0,65,0.0,0.0,18.1,31.7,9,0,0.0,1023.0,1015.8,0.0,0.17,0.0
2024-12-06 06:00:00+00:00,-3.0,66,0.0,0.0,16.4,29.5,1,0,0.0,1023.4,1016.2,0.0,0.17,0.0
2024-12-06 07:00:00+00:00,-3.0,67,0.0,0.0,15.4,27.9,57,2,0.0,1024.0,1016.8,0.0,0.16,0.0
2024-12-06 08:00:00+00:00,-1.3,57,0.0,0.0,17.8,29.5,19,0,0.0,1024.4,1017.2,12.0,0.24,0.0
2024-12-06 09:00:00+00:00,-0.6,53,0.0,0.0,20.0,30.6,5,0,0.0,1024.8,1017.6,142.0,0.28,81.0
2024-12-06 10:00:00+00:00,0.4,49,0.0,0.0,25.1,37.1,79,2,0.0,1025.2,1018.1,307.0,0.32,243.0
2024-12-06 11:00:00+00:00,0.8,46,0.0,0.0,25.1,36.8,76,2,0.0,1025.2,1018.1,342.0,0.35,228.0
2024-12-06 12:00:00+00:00,0.9,47,0.0,0.0,23.8,34.5,100,3,0.0,1025.0,1017.9,371.0,0.35,232.0
2024-12-06 13:00:00+00:00,0.5,49,0.0,0.0,22.8,33.4,100,3,0.0,1024.7,1017.6,263.0,0.33,57.0
2024-12-06 14:00:00+00:00,0.6,47,0.0,0.0,23.3,34.1,78,2,0.0,1024.0,1016.9,202.0,0.34,34.0
2024-12-06 15:00:00+00:00,0.7,46,0.0,0.0,21.8,32.2,72,2,0.0,1024.0,1016.9,196.0,0.35,62.0
2024-12-06 16:00:00+00:00,0.2,44,0.0,0.0,16.4,25.8,7,0,0.0,1023.8,1016.7,137.0,0.35,73.0
2024-12-06 17:00:00+00:00,-1.2,48,0.0,0.0,11.5,22.8,1,0,0.0,1024.5,1017.3,26.0,0.29,15.0
2024-12-06 18:00:00+00:00,-2.0,51,0.0,0.0,11.0,22.9,0,0,0.0,1025.1,1017.9,0.0,0.26,0.0
2024-12-06 19:00:00+00:00,-2.7,56,0.0,0.0,8.6,20.4,0,0,0.0,1025.2,1018.0,0.0,0.22,0.0
2024-12-06 20:00:00+00:00,-3.1,60,0.0,0.0,7.7,19.0,0,0,0.0,1025.4,1018.2,0.0,0.19,0.0
2024-12-06 21:00:00+00:00,-3.2,63,0.0,0.0,7.7,19.1,0,0,0.0,1025.1,1017.9,0.0,0.18,0.0
2024-12-06 22:00:00+00:00,-3.2,62,0.0,0.0,9.3,20.7,0,0,0.0,1025.1,1017.9,0.0,0.18,0.0
2024-12-06 23:00:00+00:00,-3.2,61,0.0,0.0,9.9,21.9,10,0,0.0,1025.1,1017.9,0.0,0.19,0.0
2024-12-07 00:00:00+00:00,-3.2,62,0.0,0.0,9.5,21.2,11,0,0.0,1025.1,1017.9,0.0,0.19,0.0
2024-12-07 01:00:00+00:00,-3.3,62,0.0,0.0,9.4,21.4,2,0,0.0,1024.9,1017.7,0.0,0.18,0.0
2024-12-07 02:00:00+00:00,-3.5,62,0.0,0.0,9.7,21.7,3,0,0.0,1024.9,1017.7,0.0,0.18,0.0
2024-12-07 03:00:00+00:00,-3.5,62,0.0,0.0,9.7,21.5,19,0,0.0,1025.0,1017.8,0.0,0.18,0.0
2024-12-07 04:00:00+00:00,-3.3,61,0.0,0.0,10.5,22.6,69,2,0.0,1025.0,1017.8,0.0,0.19,0.0
2024-12-07 05:00:00+00:00,-3.1,60,0.0,0.0,10.2,21.8,58,2,0.0,1024.7,1017.5,0.0,0.2,0.0
2024-12-07 06:00:00+00:00,-3.3,61,0.0,0.0,9.7,21.2,93,3,0.0,1024.7,1017.5,0.0,0.19,0.0
2024-12-07 07:00:00+00:00,-2.6,59,0.0,0.0,9.6,20.7,94,3,0.0,1024.8,1017.6,0.0,0.21,0.0
2024-12-07 08:00:00+00:00,-1.6,49,0.0,0.0,11.9,22.7,53,2,0.0,1024.8,1017.6,19.0,0.28,6.0
2024-12-07 09:00:00+00:00,0.4,40,0.0,0.0,11.9,22.1,11,0,0.0,1025.0,1017.9,155.0,0.38,106.0
2024-12-07 10:00:00+00:00,2.0,34,0.0,0.0,17.1,24.9,5,0,0.0,1025.4,1018.3,302.0,0.47,240.0
2024-12-07 11:00:00+00:00,3.2,29,0.0,0.0,17.1,24.4,53,2,0.0,1025.3,1018.2,412.0,0.55,343.0
2024-12-07 12:00:00+00:00,4.2,26,0.0,0.0,15.0,21.0,77,2,0.0,1024.1,1017.1,465.0,0.61,386.0
2024-12-07 13:00:00+00:00,4.8,25,0.0,0.0,13.0,18.2,64,2,0.0,1023.3,1016.3,434.0,0.65,310.0
2024-12-07 14:00:00+00:00,5.3,23,0.0,0.0,10.3,14.3,100,3,0.0,1022.0,1015.0,392.0,0.69,302.0
2024-12-07 15:00:00+00:00,5.1,24,0.0,0.0,8.9,12.8,98,3,0.0,1020.6,1013.6,225.0,0.67,84.0
2024-12-07 16:00:00+00:00,3.4,28,0.0,0.0,5.9,14.8,96,3,0.0,1020.2,1013.2,110.0,0.56,43.0
2024-12-07 17:00:00+00:00,2.2,32,0.0,0.0,9.4,22.4,90,3,0.0,1020.0,1012.9,17.0,0.49,4.0
2024-12-07 18:00:00+00:00,1.2,34,0.0,0.0,9.4,23.6,54,2,0.0,1019.9,1012.8,0.0,0.44,0.0
2024-12-07 19:00:00+00:00,0.9,35,0.0,0.0,11.6,27.0,83,3,0.0,1019.5,1012.4,0.0,0.42,0.0
2024-12-07 20:00:00+00:00,1.6,39,0.0,0.0,13.7,28.8,57,2,0.0,1019.0,1011.9,0.0,0.42,0.0
2024-12-07 21:00:00+00:00,0.9,43,0.0,0.0,13.3,29.2,100,3,0.0,1018.1,1011.0,0.0,0.37,0.0
2024-12-07 22:00:00+00:00,1.0,43,0.0,0.0,13.6,28.7,100,3,0.0,1017.5,1010.4,0.0,0.38,0.0
2024-12-07 23:00:00+00:00,0.9,44,0.0,0.0,13.6,28.6,100,3,0.0,1016.7,1009.6,0.0,0.37,0.0
2024-12-08 00:00:00+00:00,0.8,45,0.0,0.0,13.3,28.0,92,3,0.0,1015.9,1008.8,0.0,0.36,0.0
2024-12-08 01:00:00+00:00,0.9,45,0.0,0.0,13.2,28.2,97,3,0.0,1014.9,1007.8,0.0,0.36,0.0
2024-12-08 02:00:00+00:00,1.1,46,0.0,0.0,11.4,24.8,93,3,0.0,1014.4,1007.4,0.0,0.36,0.0
2024-12-08 03:00:00+00:00,1.1,48,0.0,0.0,11.3,24.9,99,3,0.0,1014.1,1007.1,0.0,0.34,0.0
2024-12-08 04:00:00+00:00,1.6,49,0.0,0.0,11.2,23.9,99,3,0.0,1013.3,1006.3,0.0,0.35,0.0
2024-12-08 05:00:00+00:00,1.1,53,0.0,0.0,9.9,23.2,59,2,0.0,1012.7,1005.7,0.0,0.31,0.0
2024-12-08 06:00:00+00:00,0.9,57,0.0,0.0,10.3,24.1,51,2,0.0,1012.3,1005.3,0.0,0.28,0.0
2024-12-08 07:00:00+00:00,1.4,58,0.0,0.0,9.9,24.4,16,0,0.0,1012.2,1005.2,0.0,0.28,0.0
2024-12-08 08:00:00+00:00,4.1,52,0.0,0.0,14.0,31.6,0,0,0.0,1011.3,1004.4,22.0,0.39,12.0
2024-12-08 09:00:00+00:00,8.3,47,0.0,0.0,15.2,31.6,40,1,0.0,1011.4,1004.6,150.0,0.58,109.0
2024-12-08 10:00:00+00:00,12.0,46,0.0,0.0,14.1,33.1,76,2,0.0,1012.0,1005.2,290.0,0.76,231.0
2024-12-08 11:00:00+00:00,13.6,42,0.0,0.0,13.5,20.2,48,1,0.0,1012.6,1005.9,396.0,0.92,325.0
2024-12-08 12:00:00+00:00,14.5,40,0.0,0.0,12.4,18.0,80,3,0.0,1012.5,1005.8,455.0,0.99,385.0
2024-12-08 13:00:00+00:00,15.1,36,0.0,0.0,18.6,27.5,88,3,0.0,1012.3,1005.6,454.0,1.11,381.0
2024-12-08 14:00:00+00:00,14.6,37,0.0,0.0,18.0,26.9,96,3,0.0,1012.7,1006.0,397.0,1.05,326.0
2024-12-08 15:00:00+00:00,14.5,38,0.0,0.0,15.8,25.8,95,3,0.0,1012.9,1006.2,289.0,1.02,222.0
2024-12-08 16:00:00+00:00,12.9,43,0.0,0.0,15.0,27.8,82,3,0.0,1013.6,1006.8,149.0,0.85,100.0
2024-12-08 17:00:00+00:00,10.3,50,0.0,0.0,10.5,25.1,70,2,0.0,1014.5,1007.7,24.0,0.62,12.0
2024-12-08 18:00:00+00:00,8.3,59,0.0,0.0,7.9,22.7,38,1,0.0,1015.2,1008.3,0.0,0.45,0.0
2024-12-08 19:00:00+00:00,6.4,67,0.0,0.0,7.1,19.4,0,0,0.0,1015.7,1008.8,0.0,0.31,0.0
2024-12-08 20:00:00+00:00,8.0,55,0.0,0.0,7.4,19.8,0,0,0.0,1015.1,1008.2,0.0,0.48,0.0
2024-12-08 21:00:00+00:00,7.2,59,0.0,0.0,6.1,16.8,0,0,0.0,1015.4,1008.5,0.0,0.42,0.0
2024-12-08 22:00:00+00:00,6.6,61,0.0,0.0,4.6,13.0,100,3,0.0,1015.7,1008.8,0.0,0.38,0.0
2024-12-08 23:00:00+00:00,5.4,66,0.0,0.0,5.6,10.7,100,3,0.0,1015.7,1008.8,0.0,0.3,0.0
2024-12-09 00:00:00+00:00,5.1,71,0.0,0.0,3.1,8.6,100,3,0.0,1015.5,1008.5,0.0,0.25,0.0
2024-12-09 01:00:00+00:00,4.1,75,0.0,0.0,5.6,9.2,100,3,0.0,1015.5,1008.5,0.0,0.2,0.0
2024-12-09 02:00:00+00:00,3.7,77,0.0,0.0,6.1,15.4,100,3,0.0,1015.6,1008.6,0.0,0.19,0.0
2024-12-09 03:00:00+00:00,4.2,75,0.0,0.0,6.7,19.0,100,3,0.0,1015.9,1008.9,0.0,0.2,0.0
2024-12-09 04:00:00+00:00,3.8,78,0.0,0.0,6.4,17.8,100,3,0.0,1015.7,1008.7,0.0,0.17,0.0
2024-12-09 05:00:00+00:00,4.6,76,0.0,0.0,9.0,18.2,100,3,0.0,1014.9,1007.9,0.0,0.21,0.0
2024-12-09 06:00:00+00:00,4.8,75,0.0,0.0,10.9,23.8,100,3,0.0,1014.5,1007.5,0.0,0.22,0.0
2024-12-09 07:00:00+00:00,5.1,77,0.0,0.0,11.8,26.4,100,3,0.0,1014.7,1007.8,0.0,0.2,0.0
2024-12-09 08:00:00+00:00,5.9,74,0.0,0.0,11.5,24.6,100,3,0.0,1014.9,1008.0,12.0,0.24,0.0
2024-12-09 09:00:00+00:00,6.3,91,0.5,0.0,11.3,26.2,100,53,0.5,1014.3,1007.4,59.0,0.09,3.0
2024-12-09 10:00:00+00:00,6.3,96,1.2,0.0,12.1,25.6,100,55,1.2,1013.5,1006.6,37.0,0.04,0.0
2024-12-09 11:00:00+00:00,7.4,95,0.9,0.0,14.9,28.8,100,53,0.9,1012.8,1005.9,65.0,0.05,0.0
2024-12-09 12:00:00+00:00,10.6,86,0.0,0.0,18.4,27.4,97,3,0.0,1011.4,1004.6,248.0,0.18,73.0
2024-12-09 13:00:00+00:00,11.6,84,0.0,0.0,10.9,18.0,100,3,0.0,1011.3,1004.5,241.0,0.22,88.0
2024-12-09 14:00:00+00:00,11.8,85,0.0,0.0,5.6,14.9,38,1,0.0,1010.8,1004.0,110.0,0.21,10.0
2024-12-09 15:00:00+00:00,13.1,80,0.0,0.0,7.2,13.1,4,0,0.0,1010.6,1003.9,199.0,0.3,97.0
2024-12-09 16:00:00+00:00,12.6,83,0.0,0.0,8.6,19.4,13,0,0.0,1011.3,1004.6,146.0,0.25,101.0
2024-12-09 17:00:00+00:00,10.8,89,0.0,0.0,8.6,22.4,0,0,0.0,1012.1,1005.3,23.0,0.15,12.0
2024-12-09 18:00:00+00:00,10.4,90,0.0,0.0,9.5,23.4,73,2,0.0,1013.0,1006.2,0.0,0.13,0.0
2024-12-09 19:00:00+00:00,9.8,92,0.0,0.0,6.8,20.1,35,1,0.0,1013.6,1006.8,0.0,0.1,0.0
2024-12-09 20:00:00+00:00,9.6,93,0.0,0.0,9.9,22.3,17,0,0.0,1014.7,1007.9,0.0,0.08,0.0
2024-12-09 21:00:00+00:00,9.1,94,0.0,0.0,9.5,21.5,10,0,0.0,1014.7,1007.8,0.0,0.07,0.0
2024-12-09 22:00:00+00:00,8.4,95,0.0,0.0,8.1,20.8,16,0,0.0,1014.8,1007.9,0.0,0.06,0.0
2024-12-09 23:00:00+00:00,8.2,95,0.0,0.0,8.3,18.9,95,3,0.0,1015.4,1008.5,0.0,0.06,0.0
2024-12-10 00:00:00+00:00,6.9,97,0.0,0.0,5.5,15.4,98,3,0.0,1015.6,1008.7,0.0,0.03,0.0
2024-12-10 01:00:00+00:00,6.2,98,0.0,0.0,3.7,12.9,100,3,0.0,1015.7,1008.8,0.0,0.02,0.0
2024-12-10 02:00:00+00:00,6.2,99,0.0,0.0,2.9,9.4,100,3,0.0,1015.7,1008.8,0.0,0.01,0.0
2024-12-10 03:00:00+00:00,6.1,99,0.0,0.0,3.2,7.9,87,3,0.0,1015.7,1008.8,0.0,0.01,0.0
2024-12-10 04:00:00+00:00,5.7,100,0.0,0.0,1.2,3.1,5,0,0.0,1015.3,1008.4,0.0,0.0,0.0
2024-12-10 05:00:00+00:00,4.5,100,0.0,0.0,5.0,7.6,97,3,0.0,1015.3,1008.3,0.0,0.0,0.0
2024-12-10 06:00:00+00:00,4.2,100,0.0,0.0,4.8,12.8,100,3,0.0,1015.7,1008.7,0.0,0.0,0.0
2024-12-10 07:00:00+00:00,4.1,100,0.0,0.0,3.5,8.8,100,3,0.0,1016.0,1009.0,0.0,0.0,0.0
2024-12-10 08:00:00+00:00,5.6,100,0.0,0.0,2.8,7.4,100,3,0.0,1016.7,1009.8,12.0,0.0,1.0
2024-12-10 09:00:00+00:00,6.8,97,0.0,0.0,2.9,4.5,100,3,0.0,1017.2,1010.3,78.0,0.03,8.0
2024-12-10 10:00:00+00:00,8.1,97,0.0,0.0,5.9,8.0,100,3,0.0,1017.2,1010.3,164.0,0.04,38.0
2024-12-10 11:00:00+00:00,10.2,90,0.0,0.0,7.7,10.1,100,3,0.0,1016.8,1010.0,220.0,0.12,29.0
2024-12-10 12:00:00+00:00,11.9,83,0.0,0.0,9.8,13.2,100,3,0.0,1015.6,1008.8,238.0,0.23,56.0
2024-12-10 13:00:00+00:00,12.9,80,0.0,0.0,10.9,14.9,100,3,0.0,1014.1,1007.3,298.0,0.3,113.0
2024-12-10 14:00:00+00:00,14.1,76,0.0,0.0,16.8,24.6,100,3,0.0,1013.9,1007.2,236.0,0.39,63.0
2024-12-10 15:00:00+00:00,13.9,81,0.0,0.0,11.6,20.1,100,3,0.0,1013.1,1006.4,70.0,0.3,0.0
2024-12-10 16:00:00+00:00,13.1,89,0.0,0.0,11.5,21.1,100,3,0.0,1013.1,1006.4,33.0,0.16,0.0
2024-12-10 17:00:00+00:00,12.4,95,0.1,0.0,11.3,21.7,100,51,0.1,1013.2,1006.4,6.0,0.07,0.0
2024-12-10 18:00:00+00:00,12.4,97,0.1,0.0,11.2,21.9,100,51,0.1,1013.0,1006.2,0.0,0.04,0.0
2024-12-10 19:00:00+00:00,12.6,98,0.0,0.0,10.5,21.4,100,3,0.0,1012.7,1005.9,0.0,0.03,0.0
2024-12-10 20:00:00+00:00,10.1,98,0.0,0.0,11.6,24.0,100,3,0.0,1013.7,1006.9,0.0,0.02,0.0
2024-12-10 21:00:00+00:00,10.7,99,0.1,0.0,10.6,23.8,100,51,0.1,1012.8,1006.0,0.0,0.01,0.0
2024-12-10 22:00:00+00:00,11.1,99,0.6,0.0,11.0,23.8,100,53,0.6,1012.0,1005.2,0.0,0.01,0.0
2024-12-10 23:00:00+00:00,11.8,99,0.9,0.0,12.5,26.8,100,53,0.9,1011.2,1004.4,0.0,0.01,0.0
2024-12-11 00:00:00+00:00,13.0,98,0.3,0.0,13.0,27.7,100,51,0.3,1009.9,1003.2,0.0,0.02,0.0
2024-12-11 01:00:00+00:00,13.1,97,0.1,0.0,14.0,29.6,100,51,0.1,1009.1,1002.4,0.0,0.04,0.0
2024-12-11 02:00:00+00:00,13.1,97,0.2,0.0,12.4,27.2,100,51,0.2,1008.4,1001.7,0.0,0.04,0.0
2024-12-11 03:00:00+00:00,13.8,99,0.9,0.0,17.6,33.0,100,53,0.9,1007.5,1000.8,0.0,0.02,0.0
2024-12-11 04:00:00+00:00,14.6,98,0.3,0.0,22.5,39.6,100,51,0.3,1006.5,999.8,0.0,0.03,0.0
2024-12-11 05:00:00+00:00,14.7,98,0.3,0.0,19.6,35.8,100,51,0.3,1005.8,999.1,0.0,0.03,0.0
2024-12-11 06:00:00+00:00,14.8,98,1.7,0.0,21.1,37.6,100,61,1.7,1005.0,998.3,0.0,0.03,0.0
2024-12-11 07:00:00+00:00,15.1,98,1.3,0.0,22.0,38.8,100,61,1.3,1004.3,997.7,0.0,0.03,0.0
2024-12-11 08:00:00+00:00,15.6,97,2.2,0.0,21.3,39.1,100,61,2.2,1004.0,997.4,2.0,0.05,0.0
2024-12-11 09:00:00+00:00,15.5,98,1.4,0.0,17.5,33.2,100,61,1.4,1004.1,997.5,15.0,0.04,0.0
2024-12-11 10:00:00+00:00,14.6,98,2.9,0.0,9.3,19.5,100,63,2.9,1003.2,996.6,17.0,0.03,0.0
2024-12-11 11:00:00+00:00,14.1,99,5.4,0.0,8.6,15.4,100,63,5.4,1002.0,995.4,21.0,0.01,0.0
2024-12-11 12:00:00+00:00,12.4,98,3.9,0.0,6.8,12.2,100,63,3.9,1000.6,993.9,26.0,0.02,0.0
2024-12-11 13:00:00+00:00,12.0,98,2.4,0.0,11.4,19.3,100,61,2.4,1000.3,993.6,69.0,0.02,0.0
2024-12-11 14:00:00+00:00,10.6,98,5.3,0.0,20.6,34.6,100,63,5.3,1000.9,994.2,21.0,0.03,0.0
2024-12-11 15:00:00+00:00,9.1,97,3.1,0.0,27.8,45.8,100,63,3.1,1001.3,994.5,20.0,0.04,0.0
2024-12-11 16:00:00+00:00,5.8,96,2.4,0.0,29.2,48.2,100,61,2.4,1003.7,996.8,14.0,0.03,0.0
2024-12-11 17:00:00+00:00,4.6,96,2.4,0.0,30.2,49.3,100,61,2.4,1004.9,998.0,1.0,0.03,0.0
2024-12-11 18:00:00+00:00,3.8,92,0.9,0.0,29.8,48.3,100,53,0.9,1006.0,999.1,0.0,0.07,0.0
2024-12-11 19:00:00+00:00,3.7,78,0.1,0.0,26.6,43.4,100,51,0.1,1007.3,1000.4,0.0,0.17,0.0
2024-12-11 20:00:00+00:00,4.8,60,0.0,0.0,24.9,39.4,98,3,0.0,1010.2,1003.3,0.0,0.34,0.0
2024-12-11 21:00:00+00:00,4.1,59,0.0,0.0,24.1,38.5,23,1,0.0,1011.9,1004.9,0.0,0.34,0.0
2024-12-11 22:00:00+00:00,2.5,62,0.0,0.0,25.3,41.5,41,1,0.0,1013.7,1006.7,0.0,0.28,0.0
2024-12-11 23:00:00+00:00,1.6,59,0.0,0.0,24.8,40.7,34,1,0.0,1014.5,1007.5,0.0,0.28,0.0
2024-12-12 00:00:00+00:00,0.9,61,0.0,0.0,19.6,32.7,10,0,0.0,1015.4,1008.3,0.0,0.25,0.0
2024-12-12 01:00:00+00:00,0.5,61,0.0,0.0,16.6,28.8,5,0,0.0,1016.9,1009.8,0.0,0.25,0.0
2024-12-12 02:00:00+00:00,0.3,59,0.0,0.0,14.4,26.6,14,0,0.0,1017.7,1010.6,0.0,0.26,0.0
2024-12-12 03:00:00+00:00,0.5,56,0.0,0.0,16.8,30.4,9,0,0.0,1018.5,1011.4,0.0,0.28,0.0
2024-12-12 04:00:00+00:00,0.5,57,0.0,0.0,13.5,25.4,31,1,0.0,1019.1,1012.0,0.0,0.27,0.0
2024-12-12 05:00:00+00:00,0.9,57,0.0,0.0,14.9,26.2,97,3,0.0,1019.8,1012.7,0.0,0.28,0.0
2024-12-12 06:00:00+00:00,0.5,58,0.0,0.0,15.2,27.3,25,1,0.0,1020.6,1013.5,0.0,0.26,0.0
2024-12-12 07:00:00+00:00,0.4,53,0.0,0.0,19.0,33.8,2,0,0.0,1022.3,1015.2,0.0,0.3,0.0
2024-12-12 08:00:00+00:00,0.6,64,0.0,0.0,13.6,26.0,0,0,0.0,1022.2,1015.1,18.0,0.23,9.0
2024-12-12 09:00:00+00:00,2.4,62,0.0,0.0,11.0,25.3,0,0,0.0,1022.9,1015.8,144.0,0.28,100.0
2024-12-12 10:00:00+00:00,4.0,38,0.0,0.0,21.0,31.4,0,0,0.0,1024.0,1017.0,296.0,0.5,237.0
2024-12-12 11:00:00+00:00,4.6,32,0.0,0.0,21.1,30.6,0,0,0.0,1024.5,1017.5,412.0,0.58,346.0
2024-12-12 12:00:00+00:00,4.4,30,0.0,0.0,21.4,30.8,0,0,0.0,1024.9,1017.9,472.0,0.59,401.0
2024-12-12 13:00:00+00:00,4.2,30,0.0,0.0,20.1,29.1,0,0,0.0,1025.2,1018.2,477.0,0.58,407.0
2024-12-12 14:00:00+00:00,3.8,30,0.0,0.0,19.5,28.2,8,0,0.0,1025.6,1018.5,420.0,0.57,354.0
2024-12-12 15:00:00+00:00,3.2,31,0.0,0.0,18.8,27.8,48,1,0.0,1026.7,1019.6,312.0,0.53,252.0
2024-12-12 16:00:00+00:00,2.5,31,0.0,0.0,15.9,26.1,45,1,0.0,1028.1,1021.0,161.0,0.51,112.0
2024-12-12 17:00:00+00:00,1.0,35,0.0,0.0,14.2,25.9,99,3,0.0,1029.4,1022.2,26.0,0.43,13.0
2024-12-12 18:00:00+00:00,0.6,34,0.0,0.0,13.6,25.1,97,3,0.0,1030.1,1022.9,0.0,0.42,0.0
2024-12-12 19:00:00+00:00,0.0,34,0.0,0.0,14.1,26.2,0,0,0.0,1031.4,1024.2,0.0,0.41,0.0
2024-12-12 20:00:00+00:00,1.2,33,0.0,0.0,12.4,26.0,0,0,0.0,1030.1,1022.9,0.0,0.45,0.0
2024-12-12 21:00:00+00:00,-0.2,41,0.0,0.0,6.6,18.7,5,0,0.0,1030.9,1023.7,0.0,0.35,0.0
2024-12-12 22:00:00+00:00,-1.5,49,0.0,0.0,5.4,15.5,7,0,0.0,1031.5,1024.3,0.0,0.28,0.0
2024-12-12 23:00:00+00:00,-2.1,54,0.0,0.0,5.2,13.8,11,0,0.0,1032.3,1025.0,0.0,0.24,0.0
2024-12-13 00:00:00+00:00,-2.7,59,0.0,0.0,4.6,12.2,11,0,0.0,1032.5,1025.2,0.0,0.21,0.0
2024-12-13 01:00:00+00:00,-3.0,63,0.0,0.0,3.3,6.7,10,0,0.0,1033.2,1025.9,0.0,0.18,0.0
2024-12-13 02:00:00+00:00,-3.4,66,0.0,0.0,4.3,7.2,13,0,0.0,1033.6,1026.3,0.0,0.16,0.0
2024-12-13 03:00:00+00:00,-3.3,68,0.0,0.0,3.6,6.8,22,1,0.0,1034.1,1026.8,0.0,0.15,0.0
2024-12-13 04:00:00+00:00,-3.7,70,0.0,0.0,2.9,5.2,6,0,0.0,1034.5,1027.2,0.0,0.14,0.0
2024-12-13 05:00:00+00:00,-3.8,73,0.0,0.0,2.5,5.2,40,1,0.0,1035.1,1027.8,0.0,0.12,0.0
2024-12-13 06:00:00+00:00,-4.0,78,0.0,0.0,2.8,4.9,4,0,0.0,1035.6,1028.3,0.0,0.1,0.0
2024-12-13 07:00:00+00:00,-3.7,79,0.0,0.0,2.4,4.8,24,1,0.0,1036.6,1029.3,0.0,0.1,0.0
2024-12-13 08:00:00+00:00,-2.6,74,0.0,0.0,3.5,6.5,100,3,0.0,1037.7,1030.4,11.0,0.13,2.0
2024-12-13 09:00:00+00:00,-0.9,60,0.0,0.0,3.3,8.0,100,3,0.0,1038.5,1031.2,91.0,0.23,26.0
2024-12-13 10:00:00+00:00,0.9,47,0.0,0.0,4.1,5.8,98,3,0.0,1039.6,1032.4,201.0,0.35,73.0
2024-12-13 11:00:00+00:00,2.2,41,0.0,0.0,4.2,5.6,100,3,0.0,1039.8,1032.6,312.0,0.43,172.0
2024-12-13 12:00:00+00:00,2.6,40,0.0,0.0,5.1,6.5,100,3,0.0,1039.1,1031.9,303.0,0.44,103.0
2024-12-13 13:00:00+00:00,3.1,41,0.0,0.0,5.4,6.8,68,2,0.0,1038.5,1031.3,363.0,0.45,190.0
2024-12-13 14:00:00+00:00,3.3,41,0.0,0.0,4.9,6.4,87,3,0.0,1038.2,1031.0,387.0,0.46,294.0
2024-12-13 15:00:00+00:00,3.2,43,0.0,0.0,4.7,6.1,100,3,0.0,1038.3,1031.1,292.0,0.44,221.0
2024-12-13 16:00:00+00:00,1.5,60,0.0,0.0,3.8,8.6,100,3,0.0,1038.9,1031.7,148.0,0.28,90.0
2024-12-13 17:00:00+00:00,-0.8,65,0.0,0.0,5.1,10.6,100,3,0.0,1039.6,1032.3,23.0,0.2,7.0
2024-12-13 18:00:00+00:00,-1.0,68,0.0,0.0,6.6,14.9,100,3,0.0,1040.0,1032.7,0.0,0.18,0.0
2024-12-13 19:00:00+00:00,-1.2,71,0.0,0.0,7.7,18.5,100,3,0.0,1040.7,1033.4,0.0,0.16,0.0
2024-12-13 20:00:00+00:00,-1.4,69,0.0,0.0,6.6,16.3,100,3,0.0,1042.0,1034.7,0.0,0.17,0.0
2024-12-13 21:00:00+00:00,-1.4,69,0.0,0.0,7.4,18.1,100,3,0.0,1042.5,1035.2,0.0,0.17,0.0
2024-12-13 22:00:00+00:00,-1.7,69,0.0,0.0,8.3,18.9,100,3,0.0,1043.1,1035.8,0.0,0.17,0.0
2024-12-13 23:00:00+00:00,-1.8,67,0.0,0.0,8.7,19.4,100,3,0.0,1043.5,1036.2,0.0,0.18,0.0
